descripcion,horas
Frontend Desarrollo Baja Maquetación de una página de aterrizaje básica con HTML5 y CSS puro sin frameworks,12
Frontend Investigación Baja Estudio y pruebas de selectores CSS avanzados y especificidad para el diseño del sitio,6
Frontend Desarrollo Media Creación de un formulario de registro con validaciones dinámicas mediante JavaScript nativo,14
Frontend Arreglo Baja Corrección de errores de espaciado y alineación en el pie de página usando Flexbox,4
Frontend Desarrollo Alta Desarrollo de una tabla de datos interactiva que permita ordenar columnas con JavaScript,22
Frontend Investigación Media Comparativa práctica entre el uso de Fetch API y Axios para peticiones externas,8
Frontend Arreglo Media Solución de problemas de visualización en menús hamburguesa para resoluciones móviles,10
Frontend Refactorización Baja Limpieza de estilos repetidos en el archivo CSS y creación de variables globales,7
Frontend Desarrollo Media Implementación de un carrusel de imágenes manual sin usar librerías externas,16
Frontend Documentación Baja Creación de una guía de estilos con los colores y tipografías usados en la web,5
Frontend Desarrollo Baja Creación de una estructura de cabecera con logo y navegación centrada,6
Frontend Investigación Alta Estudio de la arquitectura de componentes y flujo de datos en un framework moderno,20
Frontend Desarrollo Media Implementación de una galería de fotos con efecto modal al hacer clic,12
Frontend Arreglo Baja Ajuste de colores para cumplir con los ratios de contraste de accesibilidad,4
Frontend Desarrollo Alta Creación de un buscador de productos que filtre resultados en una lista estática,18
Frontend Refactorización Media Migración de un diseño basado en floats a un sistema moderno de CSS Grid,15
Frontend Arreglo Media Reparación de errores en el envío de formularios por problemas de preventDefault,6
Frontend Desarrollo Baja Implementación de animaciones simples de hover en botones y enlaces,5
Frontend Investigación Media Aprendizaje sobre el uso de LocalStorage para guardar preferencias de usuario,8
Frontend Documentación Media Elaboración de un manual sobre cómo añadir nuevos iconos a la biblioteca del proyecto,6
Frontend Desarrollo Media Maquetación de un panel de perfil de usuario con edición de datos personales,14
Frontend Arreglo Baja Corrección de saltos de línea inesperados en textos largos dentro de tarjetas,3
Frontend Desarrollo Alta Desarrollo de una calculadora de presupuestos interactiva con lógica JS,25
Frontend Refactorización Alta Reestructuración de archivos JavaScript para separar la lógica de la manipulación del DOM,20
Frontend Arreglo Media Solución de problemas de carga de fuentes externas que ralentizan la página,9
Frontend Desarrollo Baja Inserción de mapas interactivos de Google Maps mediante el uso de iFrames,4
Frontend Investigación Baja Búsqueda de recursos y librerías gratuitas de iconos compatibles con el proyecto,5
Frontend Desarrollo Media Implementación de un sistema de pestañas (Tabs) para organizar contenido extenso,10
Frontend Arreglo Alta Solución de vulnerabilidades de seguridad básicas en la manipulación de innerHTML,18
Frontend Documentación Baja Registro de los cambios realizados en el CSS para el control de versiones,3
Frontend Desarrollo Baja Creación de un pie de página con enlaces a redes sociales y mapa del sitio,5
Frontend Investigación Media Pruebas de rendimiento web usando herramientas como Lighthouse o PageSpeed,7
Frontend Desarrollo Media Maquetación de un sistema de tarjetas (cards) para mostrar noticias recientes,12
Frontend Arreglo Baja Reparación de iconos que no cargan correctamente en el navegador Safari,4
Frontend Desarrollo Alta Implementación de un sistema de notificaciones visuales (Toasts) tras acciones del usuario,20
Frontend Refactorización Baja Optimización de imágenes pesadas y cambio a formatos modernos como WebP,6
Frontend Arreglo Media Ajuste de formularios que se desbordan en pantallas de tablets pequeñas,8
Frontend Desarrollo Media Creación de una barra de progreso que indique el avance en un formulario multi-paso,14
Frontend Investigación Alta Estudio de patrones de diseño para mejorar la experiencia de usuario (UX),15
Frontend Documentación Media Documentación técnica de las funciones JavaScript creadas para el catálogo,8
Frontend Desarrollo Baja Añadir un botón de volver arriba con desplazamiento suave (smooth scroll),4
Frontend Arreglo Baja Corrección de errores ortográficos y gramaticales en la interfaz de usuario,2
Frontend Desarrollo Media Implementación de un filtro por categorías para una lista de artículos,11
Frontend Arreglo Media Resolución de problemas de superposición de elementos debido a índices Z (z-index),7
Frontend Desarrollo Alta Desarrollo de una interfaz de chat simulada con mensajes entrantes y salientes,28
Frontend Refactorización Media Limpieza de código JavaScript eliminando funciones duplicadas o redundantes,10
Frontend Arreglo Baja Ajuste del tamaño de los botones para facilitar el clic en pantallas táctiles,5
Frontend Desarrollo Media Creación de un acordeón de preguntas frecuentes (FAQ) interactivo,9
Frontend Investigación Media Investigación sobre cómo implementar el modo oscuro mediante variables CSS,10
Frontend Documentación Baja Creación de comentarios explicativos en los bloques de código más complejos,5
Frontend Desarrollo Baja Maquetación de una página de error 404 personalizada para el sitio,8
Frontend Arreglo Media Solución de parpadeos visuales al cargar contenido dinámico desde una API,10
Frontend Desarrollo Alta Implementación de validaciones complejas (Regex) para campos de DNI y teléfono,16
Frontend Refactorización Baja Actualización de la estructura HTML para mejorar el SEO y la semántica,8
Frontend Arreglo Baja Corrección de márgenes asimétricos en el contenedor principal de la web,4
Frontend Desarrollo Media Diseño de un banner promocional con temporizador de cuenta atrás,12
Frontend Investigación Alta Análisis de frameworks de CSS como Tailwind o Bootstrap para futuros módulos,15
Frontend Documentación Media Manual explicativo sobre la estructura de archivos y carpetas del frontend,7
Frontend Desarrollo Baja Implementación de un sistema de tooltip para iconos poco descriptivos,5
Frontend Arreglo Media Reparación del funcionamiento de los enlaces internos de navegación (anclas),6
Frontend Desarrollo Alta Creación de un sistema de filtrado múltiple (precio, fecha, categoría) para productos,30
Frontend Refactorización Media Reorganización de las hojas de estilo dividiéndolas por componentes,12
Frontend Arreglo Baja Solución de problemas con la visualización de imágenes de fondo (background-size),4
Frontend Desarrollo Media Maquetación de una sección de testimonios con un diseño de rejilla,10
Frontend Investigación Media Estudio de los ciclos de renderizado del navegador para optimizar animaciones,9
Frontend Documentación Alta Redacción de una guía de buenas prácticas en HTML y CSS para el equipo,12
Frontend Desarrollo Baja Inclusión de un selector de idiomas simple (sin traducción automática),6
Frontend Arreglo Media Corrección de formularios que pierden los datos al recargar por error,9
Frontend Desarrollo Alta Desarrollo de un gráfico de barras interactivo usando elementos SVG y JS,24
Frontend Refactorización Alta Migración de librerías de manipulación del DOM antiguas a estándares modernos,20
Frontend Arreglo Baja Ajuste de la posición de los elementos fijos (sticky) durante el scroll,5
Frontend Desarrollo Media Implementación de un sistema de valoración por estrellas para productos,11
Frontend Investigación Baja Búsqueda de tipografías legibles en Google Fonts que encajen con el diseño,4
Frontend Documentación Baja Registro de errores comunes encontrados durante la fase de maquetación,5
Frontend Desarrollo Baja Creación de una ventana de cookies legalmente requerida con aviso simple,6
Frontend Arreglo Media Solución de problemas en los que el contenido pisa al pie de página,8
Frontend Desarrollo Alta Implementación de una vista de calendario para la selección de citas,26
Frontend Refactorización Media Mejora de la estructura de las clases CSS siguiendo la metodología BEM,14
Frontend Arreglo Baja Corrección de campos de entrada (input) que no se borran correctamente,3
Frontend Desarrollo Media Diseño de una pantalla de carga (spinner) personalizada mientras llega la info,7
Frontend Investigación Media Aprendizaje sobre el uso de Intersection Observer para carga diferida,10
Frontend Documentación Media Creación de un glosario de términos técnicos usados en la interfaz,6
Frontend Desarrollo Baja Añadir enlaces a la política de privacidad y términos de uso,3
Frontend Arreglo Media Resolución de conflictos visuales al usar múltiples librerías de estilos,9
Frontend Desarrollo Alta Desarrollo de una funcionalidad de arrastrar y soltar (drag and drop) básica,22
Frontend Refactorización Baja Simplificación del árbol de nodos HTML para aligerar la carga del sitio,7
Frontend Arreglo Baja Ajuste de la altura de línea (line-height) para mejorar la lectura de párrafos,4
Frontend Desarrollo Media Creación de una barra de búsqueda con sugerencias automáticas locales,13
Frontend Investigación Alta Prototipado de una nueva sección del sitio usando herramientas de diseño web,16
Frontend Documentación Alta Informe final de la fase de desarrollo web con capturas y explicaciones,15
Frontend Desarrollo Baja Integración de un reproductor de audio simple para archivos locales,7
Frontend Arreglo Media Solución de errores donde los vídeos no se auto-reproducen en móvil,6
Frontend Desarrollo Alta Implementación de un dashboard que resuma estadísticas de usuario con iconos,24
Frontend Refactorización Media Unificación de las funciones de validación de formularios en un solo archivo,10
Frontend Arreglo Baja Reparación de sombras excesivas que ensucian el diseño visual,3
Frontend Desarrollo Media Creación de una página de "Preguntas frecuentes" con búsqueda integrada,12
Frontend Investigación Media Estudio sobre el impacto de los scripts de terceros en el tiempo de carga,8
Frontend Documentación Baja Actualización de la lista de tareas completadas en el gestor de proyectos,2
Frontend Desarrollo Baja Maquetación de un formulario de suscripción a la newsletter,7
Frontend Arreglo Media Ajuste de la respuesta visual de los botones al ser pulsados (feedback),5
Frontend Desarrollo Media Configuración de un proyecto base usando Vite y estructura de carpetas modular,8
Frontend Investigación Media Estudio del ciclo de vida de los componentes en React para manejo de efectos,10
Frontend Desarrollo Alta Creación de un catálogo de productos consumiendo datos de una API REST externa,24
Frontend Arreglo Baja Corrección de errores de renderizado en listas que no usan claves únicas o keys,4
Frontend Desarrollo Media Implementación de una barra de navegación dinámica que resalta la sección activa,7
Frontend Investigación Baja Lectura de documentación sobre librerías de componentes como MUI o Flowbite,5
Frontend Arreglo Media Solución de problemas de sincronización entre el estado global y los inputs,12
Frontend Refactorización Media Limpieza de peticiones fetch duplicadas mediante la creación de un servicio único,9
Frontend Desarrollo Alta Desarrollo de un carrito de compra que persiste los datos en sessionStorage,28
Frontend Documentación Baja Guía de pasos para ejecutar el proyecto en local usando npm install y dev,4
Frontend Desarrollo Baja Creación de un componente de tarjeta reutilizable para perfiles de usuario,6
Frontend Investigación Alta Investigación sobre la implementación de autenticación por tokens en el cliente,16
Frontend Desarrollo Media Desarrollo de un sistema de filtrado de noticias por fecha y autor,14
Frontend Arreglo Baja Reparación de estilos que se rompen al cambiar de vista o ruta,5
Frontend Desarrollo Alta Implementación de un formulario multi-paso con guardado de progreso intermedio,30
Frontend Refactorización Baja Actualización de versiones de dependencias en el archivo package.json,3
Frontend Arreglo Media Resolución de fallos al capturar errores de red en las peticiones a la API,8
Frontend Desarrollo Media Creación de un componente de alertas personalizadas para éxito y error,7
Frontend Investigación Media Pruebas de usabilidad con usuarios reales para detectar puntos de fricción,10
Frontend Documentación Media Manual de uso de los componentes UI creados para futuros desarrolladores,12
Frontend Desarrollo Baja Maquetación de una pantalla de configuración con interruptores de encendido y apagado,8
Frontend Arreglo Baja Corrección de márgenes y rellenos en botones de acción principal,3
Frontend Desarrollo Alta Desarrollo de un buscador con autocompletado que consulta a la API al escribir,20
Frontend Refactorización Alta Rediseño de la gestión de rutas pasando de rutas estáticas a dinámicas,18
Frontend Arreglo Media Solución de errores donde los datos no se actualizan tras una edición exitosa,9
Frontend Desarrollo Baja Añadir enlaces sociales con iconos que se abren en pestañas nuevas,3
Frontend Investigación Baja Búsqueda de un sistema de tipografías que mejore la legibilidad del sitio,5
Frontend Desarrollo Media Implementación de un modal de confirmación antes de borrar elementos sensibles,9
Frontend Arreglo Alta Reparación de fallos de seguridad relacionados con el manejo de datos en la URL,15
Frontend Documentación Baja Registro de comandos básicos para el despliegue de la web en producción,4
Frontend Desarrollo Baja Creación de un componente de pie de página estático con datos de contacto,5
Frontend Investigación Media Análisis de métricas de carga para optimizar el peso de los paquetes JS,10
Frontend Desarrollo Media Maquetación de un blog con sistema de lectura estimada según palabras,11
Frontend Arreglo Baja Reparación del botón de retroceso que no funciona en ciertos navegadores,4
Frontend Desarrollo Alta Implementación de un sistema de temas (Light/Dark) usando Context API,22
Frontend Refactorización Baja Optimización de los tiempos de respuesta eliminando logs de consola innecesarios,3
Frontend Arreglo Media Ajuste de imágenes de alta resolución para que no bloqueen el renderizado inicial,9
Frontend Desarrollo Media Creación de una página de agradecimiento tras completar una compra o registro,6
Frontend Investigación Alta Estudio sobre la implementación de Service Workers para soporte offline,20
Frontend Documentación Media Tutorial de cómo añadir nuevos endpoints al servicio de comunicación con la API,10
Frontend Desarrollo Baja Implementación de un botón flotante para acceso rápido a soporte técnico,5
Frontend Arreglo Baja Corrección de textos que se cortan en pantallas de móviles con poco ancho,4
Frontend Desarrollo Media Desarrollo de un componente de selección múltiple con buscador integrado,12
Frontend Arreglo Media Solución de errores al cerrar menús desplegables al hacer clic fuera de ellos,7
Frontend Desarrollo Alta Creación de un panel administrativo para la gestión de banners publicitarios,35
Frontend Refactorización Media Mejora de la lógica de filtrado pasando de filtros en cliente a filtros en servidor,16
Frontend Arreglo Baja Ajuste de la sensibilidad de los eventos de scroll para mejorar la fluidez,6
Frontend Desarrollo Media Creación de una sección de preguntas frecuentes con efecto de acordeón suave,9
Frontend Investigación Media Investigación de librerías para visualización de datos como D3.js,12
Frontend Documentación Baja Comentarios en el código detallando la lógica de los hooks personalizados,7
Frontend Desarrollo Baja Maquetación de una página de mantenimiento con contador de tiempo,8
Frontend Arreglo Media Solución de parpadeos en imágenes cargadas mediante enlaces externos,6
Frontend Desarrollo Alta Implementación de un sistema de registro de usuarios con validación de email,25
Frontend Refactorización Baja Actualización de la sintaxis de JavaScript a ES6+ para mayor claridad,5
Frontend Arreglo Baja Corrección de la posición de los mensajes de validación en formularios móviles,4
Frontend Desarrollo Media Diseño de un selector de archivos con previsualización de imagen previa a la subida,14
Frontend Investigación Alta Análisis de la viabilidad de usar Server Side Rendering (SSR) en el proyecto,18
Frontend Documentación Media Documentación sobre el manejo de errores globales en la aplicación web,8
Frontend Desarrollo Baja Añadir un sistema de migas de pan (breadcrumbs) para mejorar el SEO,5
Frontend Arreglo Media Reparación de enlaces que no dirigen correctamente tras un cambio de dominio,4
Frontend Desarrollo Alta Desarrollo de un sistema de votaciones con actualización de resultados en vivo,32
Frontend Refactorización Media Modularización de la lógica de validación para ser usada en múltiples vistas,11
Frontend Arreglo Baja Solución de problemas con el foco del teclado en elementos de formulario,3
Frontend Desarrollo Media Maquetación de un listado de empleados con filtros por departamento,12
Frontend Investigación Media Estudio de la competencia para proponer mejoras en la interfaz del producto,10
Frontend Documentación Alta Guía técnica sobre el despliegue automático usando integración continua,15
Frontend Desarrollo Baja Inclusión de un widget para compartir contenido en redes sociales,5
Frontend Arreglo Media Corrección de formularios que no envían todos los campos tras una edición parcial,8
Frontend Desarrollo Alta Creación de una herramienta de edición de imágenes básica (recorte y rotación),40
Frontend Refactorización Alta Sustitución de la gestión de estado manual por una librería como Redux o Pinia,45
Frontend Arreglo Baja Ajuste de la visualización de tablas en pantallas pequeñas mediante scroll horizontal,6
Frontend Desarrollo Media Implementación de una barra de búsqueda con histórico de términos recientes,11
Frontend Investigación Baja Lectura de artículos sobre tendencias de diseño UI para el año actual,4
Frontend Documentación Baja Bitácora de errores encontrados y soluciones aplicadas durante el desarrollo,6
Frontend Desarrollo Baja Creación de un mensaje de bienvenida emergente para nuevos visitantes,4
Frontend Arreglo Media Solución de errores donde los estilos CSS no se aplican en producción,8
Frontend Desarrollo Alta Implementación de una funcionalidad de búsqueda por voz usando la Web Speech API,28
Frontend Refactorización Media Reducción de la deuda técnica simplificando componentes demasiado grandes,15
Frontend Arreglo Baja Corrección de inconsistencias en el uso de iconos en diferentes pantallas,3
Frontend Desarrollo Media Diseño de una interfaz para la gestión de notificaciones del usuario,10
Frontend Investigación Media Análisis de la accesibilidad del sitio usando herramientas de lectura de pantalla,8
Frontend Documentación Media Manual explicativo de cómo integrar nuevas fuentes tipográficas al proyecto,5
Frontend Desarrollo Baja Implementación de un botón para imprimir el contenido de la pantalla,4
Frontend Arreglo Media Resolución de problemas de caché que muestran versiones antiguas de la web,7
Frontend Desarrollo Alta Desarrollo de un juego sencillo (tipo cuestionario) integrado en la plataforma,25
Frontend Refactorización Baja Cambio de nombres de clases CSS genéricas por identificadores más específicos,5
Frontend Arreglo Baja Ajuste de alineación en los elementos de la lista de deseos del usuario,3
Frontend Desarrollo Media Creación de una página de resultados de búsqueda con paginación funcional,14
Frontend Investigación Alta Prototipado en alta fidelidad de la versión móvil de la aplicación completa,20
Frontend Documentación Alta Informe técnico sobre la optimización de activos y tiempos de carga finales,14
Frontend Desarrollo Baja Integración de un widget de reproducción de vídeos de YouTube,6
Frontend Arreglo Media Solución de problemas al cargar scripts de terceros de forma asíncrona,7
Frontend Desarrollo Alta Implementación de una funcionalidad de comparación de productos en paralelo,30
Frontend Refactorización Media Mejora de la mantenibilidad del código separando tipos y constantes,9
Frontend Arreglo Baja Corrección de saltos visuales al cargar fuentes personalizadas,4
Frontend Desarrollo Media Creación de una sección de ayuda con buscador y categorías desplegables,13
Frontend Investigación Media Estudio sobre el impacto de las imágenes en el rendimiento del sitio móvil,8
Frontend Documentación Baja Actualización de las dependencias de seguridad sugeridas por el repositorio,3
Frontend Desarrollo Baja Maquetación de un formulario simple para recoger sugerencias de usuarios,6
Frontend Arreglo Media Ajuste de la respuesta táctil en elementos interactivos para tablets,5
Frontend Investigación Baja Lectura sobre qué es el SEO y cómo influyen las etiquetas meta en Google,4
Frontend Desarrollo Baja Configuración de etiquetas de título y descripción para todas las páginas del sitio,6
Frontend Desarrollo Media Implementación de etiquetas ALT en todas las imágenes para mejorar la accesibilidad,5
Frontend Arreglo Baja Corrección de enlaces que no tienen el atributo de seguridad para abrir en nueva pestaña,3
Frontend Investigación Media Estudio de herramientas de testing como Jest o Cypress para principiantes,8
Frontend Desarrollo Media Creación de una prueba simple para verificar que el formulario de login no se envía vacío,10
Frontend Arreglo Media Solución de errores en los que las animaciones de carga se quedan bucle infinito,7
Frontend Desarrollo Baja Aplicación de efectos de transición suave al cambiar el color de los botones,5
Frontend Refactorización Media Organización de las imágenes del proyecto en carpetas por categorías y tamaños,6
Frontend Documentación Baja Creación de una lista de comprobación (checklist) para revisar el SEO antes de publicar,4
Frontend Desarrollo Media Implementación de carga perezosa (lazy load) en imágenes para que la web cargue más rápido,9
Frontend Arreglo Baja Reparación de textos que se ven borrosos al aplicar efectos de movimiento con CSS,4
Frontend Desarrollo Alta Creación de una pequeña animación que guíe al usuario hacia el botón de compra,15
Frontend Investigación Alta Investigación sobre cómo hacer que una web se vea bien al compartir el enlace en redes sociales,12
Frontend Arreglo Media Ajuste de los tiempos de espera en las animaciones para que no resulten molestas al usuario,6
Frontend Desarrollo Baja Inserción de iconos sociales que cambian de tamaño suavemente al pasar el ratón,4
Frontend Refactorización Baja Cambio de nombres de archivos de imagen genéricos por nombres descriptivos para SEO,5
Frontend Desarrollo Media Desarrollo de una pantalla de carga con un logotipo que pulsa mientras llega la información,8
Frontend Testing Media Verificación manual de que todos los botones de la web funcionan en diferentes navegadores,10
Frontend Documentación Media Redacción de un informe sobre los errores de SEO detectados con herramientas online,7
Frontend Desarrollo Alta Implementación de un sistema de filtrado que aparece con un desplazamiento lateral suave,18
Frontend Arreglo Baja Corrección de errores de contraste de color detectados por las herramientas de accesibilidad,5
Frontend Desarrollo Media Creación de un efecto de "esqueleto" (skeleton screen) mientras se cargan los datos,12
Frontend Investigación Baja Búsqueda de palabras clave relacionadas con el proyecto para mejorar los textos,6
Frontend Arreglo Media Solución de problemas donde las animaciones tapan otros elementos importantes,8
Frontend Desarrollo Baja Configuración del archivo robots.txt para decir a los buscadores qué indexar,4
Frontend Refactorización Media Sustitución de animaciones hechas con JavaScript por animaciones CSS más ligeras,10
Frontend Desarrollo Alta Creación de una prueba automática que compruebe que el carrito suma correctamente,22
Frontend Arreglo Baja Reparación de efectos de sombra que desaparecen al hacer scroll en el móvil,3
Frontend Documentación Baja Registro de todas las librerías externas de diseño utilizadas y sus versiones,4
Frontend Desarrollo Media Implementación de una barra de lectura que se llena según bajas por el artículo,10
Frontend Investigación Media Análisis de por qué algunas imágenes tardan tanto en aparecer y propuesta de solución,7
Frontend Desarrollo Baja Creación de un mapa del sitio (sitemap) básico para facilitar el rastreo de Google,5
Frontend Arreglo Media Corrección de elementos que "saltan" de posición al terminar de cargarse la página,9
Frontend Desarrollo Alta Desarrollo de una galería donde las imágenes se expanden suavemente al seleccionarlas,20
Frontend Refactorización Baja Limpieza de etiquetas HTML antiguas que ya no se usan y ensucian el código,6
Frontend Arreglo Baja Ajuste de la velocidad de los carruseles de fotos para que dé tiempo a leer el texto,5
Frontend Desarrollo Media Implementación de un botón de "Compartir" que abra las apps nativas del móvil,8
Frontend Investigación Alta Estudio de cómo influye la velocidad de carga en el posicionamiento de la web,12
Frontend Documentación Media Manual paso a paso para que otros compañeros sepan cómo subir imágenes optimizadas,8
Frontend Desarrollo Baja Configuración de la dirección de los textos para que se lean bien en todos los idiomas,4
Frontend Arreglo Media Solución de errores donde los vídeos se cortan al girar el móvil de vertical a horizontal,7
Frontend Desarrollo Alta Creación de una animación compleja para la bienvenida de la aplicación,25
Frontend Refactorización Media Mejora de la estructura de encabezados H1 H2 y H3 para seguir una jerarquía lógica,7
Frontend Arreglo Baja Corrección de la posición de los iconos de cierre en las ventanas emergentes,3
Frontend Desarrollo Media Implementación de un aviso de cookies con una animación de entrada desde abajo,6
Frontend Investigación Media Prueba de diferentes formatos de video para ver cuál ocupa menos espacio sin perder calidad,9
Frontend Documentación Baja Creación de un glosario con los términos técnicos de diseño usados en el equipo,5
Frontend Desarrollo Baja Añadir etiquetas de idioma al código para que los lectores de pantalla funcionen bien,3
Frontend Arreglo Media Reparación de botones que no responden al primer toque en dispositivos táctiles,6
Frontend Desarrollo Alta Implementación de un sistema de "arrastrar para refrescar" en el listado principal,22
Frontend Refactorización Baja Eliminación de librerías de animaciones pesadas y sustitución por código propio,10
Frontend Arreglo Baja Ajuste de los márgenes en los bloques de texto para mejorar la lectura en tablets,4
Frontend Desarrollo Media Creación de un efecto de zoom suave cuando el usuario hace clic en una imagen,9
Frontend Investigación Media Investigación sobre el uso de formatos de imagen vectoriales (SVG) frente a PNG,7
Frontend Documentación Media Documentación sobre cómo se han configurado los avisos de error en la web,6
Frontend Desarrollo Baja Implementación de un sistema de búsqueda simple que ignore mayúsculas y minúsculas,8
Frontend Arreglo Media Solución de parpadeos en el menú al navegar entre las distintas secciones,7
Frontend Desarrollo Alta Desarrollo de un cuestionario interactivo con transiciones entre preguntas,24
Frontend Refactorización Media Reorganización de las hojas de estilo para separar los colores de las estructuras,9
Frontend Arreglo Baja Corrección de la visibilidad de los enlaces dentro de bloques de texto oscuros,3
Frontend Desarrollo Media Creación de una página de agradecimiento que se anima al confirmar un envío,8
Frontend Investigación Media Estudio de cómo se ven las fuentes tipográficas en sistemas Windows frente a Mac,6
Frontend Documentación Alta Informe de accesibilidad detallando qué puntos se han cumplido y cuáles no,12
Frontend Desarrollo Baja Añadir botones de redes sociales que cambian de color con un fundido,5
Frontend Arreglo Media Corrección de formularios que se envían dos veces por un error en el botón,8
Frontend Desarrollo Alta Implementación de un buscador que muestra los resultados con una animación de cascada,20
Frontend Refactorización Alta Cambio de la forma en que se cargan los scripts para que no bloqueen la web,18
Frontend Arreglo Baja Ajuste de los iconos para que todos tengan el mismo tamaño y estilo visual,4
Frontend Desarrollo Media Implementación de un sistema de mensajes de error que aparecen sobre el campo vacío,9
Frontend Investigación Baja Búsqueda de ejemplos de buenas prácticas de diseño para paneles de control,5
Frontend Documentación Baja Listado de todas las imágenes que faltan por optimizar o cambiar de formato,3
Frontend Desarrollo Baja Creación de un cartel de "Oferta" con un pequeño brillo animado para llamar la atención,6
Frontend Arreglo Media Reparación de los bordes redondeados que no se ven bien en algunos navegadores,4
Frontend Desarrollo Alta Desarrollo de un sistema de pasos para un registro de usuario con animaciones,22
Frontend Refactorización Baja Mejora de la limpieza del código eliminando clases CSS que no se usan,6
Frontend Arreglo Baja Corrección de la separación entre párrafos para que el texto no se vea apretado,4
Frontend Desarrollo Media Creación de un menú de navegación que se oculta al bajar y aparece al subir,12
Frontend Investigación Alta Prototipado manual de cómo debería funcionar la web sin conexión a internet,14
Frontend Documentación Alta Guía técnica sobre cómo se han programado las animaciones del sitio,15
Frontend Desarrollo Baja Inclusión de un reproductor de video con controles personalizados y sencillos,10
Frontend Arreglo Media Solución de fallos donde las imágenes de fondo se cortan en pantallas grandes,7
Frontend Desarrollo Alta Implementación de un sistema de valoración donde las estrellas se iluminan al pasar,18
Frontend Refactorización Media Unificación de todos los mensajes de error en un solo archivo para traducirlos,9
Frontend Arreglo Baja Corrección de sombras en los botones que los hacían parecer desactivados,3
Frontend Desarrollo Media Creación de una página de perfil con pestañas que cambian sin recargar la web,12
Frontend Investigación Media Análisis del tiempo que tarda un usuario en encontrar el botón de contacto,8
Frontend Documentación Baja Registro de las pruebas realizadas en diferentes teléfonos móviles,4
Frontend Desarrollo Baja Maquetación de un cartel de aviso para cuando el servidor no responde,7
Frontend Arreglo Media Ajuste de la respuesta visual de los elementos al ser pulsados prolongadamente,5
Frontend Desarrollo Alta Creación de una animación de bienvenida que muestra el logo pieza a pieza,22
Frontend Refactorización Media Simplificación de la lógica de los menús para que sean fáciles de mantener,10
Frontend Arreglo Baja Reparación de iconos que se ven pixelados en pantallas de alta resolución,4
Frontend Desarrollo Media Implementación de un sistema de ayuda con burbujas de texto informativas,11
Frontend Investigación Media Estudio sobre qué colores transmiten más confianza en una web de ventas,6
Frontend Documentación Baja Actualización del archivo de cambios realizados en el diseño esta semana,3
Frontend Desarrollo Baja Maquetación de un formulario muy simple para pedir una cita previa,8
Frontend Arreglo Media Solución de errores en los que la web se queda en blanco un segundo al cargar,9
Frontend Desarrollo Alta Implementación de un sistema de "modo lectura" que cambia el fondo y la letra,20
Frontend Refactorización Media Revisión de todo el HTML para asegurar que cumple con las normas básicas de SEO,12
Frontend Desarrollo Baja Integración de un widget de Google Maps para mostrar la ubicación de la oficina,6
Frontend Arreglo Media Solución de errores en el formulario donde el botón de envío no se deshabilita tras el clic,5
Frontend Investigación Baja Búsqueda de librerías ligeras para mostrar notificaciones tipo alerta sin usar scripts pesados,4
Frontend Desarrollo Media Implementación de un sistema de "Copiar al portapapeles" para códigos de descuento,7
Frontend Arreglo Baja Ajuste de la posición de los modales para que siempre aparezcan centrados en la pantalla,4
Frontend Desarrollo Alta Desarrollo de un comparador visual de dos imágenes (antes y después) con un deslizador,22
Frontend Investigación Media Estudio de cómo integrar un feed de Instagram o Twitter de forma estática en la web,10
Frontend Arreglo Media Reparación de galerías de imágenes donde las miniaturas se deforman en pantallas panorámicas,8
Frontend Refactorización Baja Sustitución de etiquetas div genéricas por etiquetas semánticas como section o article,6
Frontend Documentación Baja Creación de una tabla con todos los enlaces externos utilizados y su propósito,4
Frontend Desarrollo Media Implementación de un buscador que filtre por etiquetas en lugar de por texto completo,12
Frontend Arreglo Baja Corrección de la tipografía en negrita que no se visualizaba correctamente en navegadores móviles,3
Frontend Desarrollo Alta Creación de un sistema de pasos para un carrito de compra con barra de progreso animada,25
Frontend Investigación Alta Investigación sobre el uso de animaciones Lottie para incluir iconos animados ligeros,14
Frontend Arreglo Media Solución de problemas de desbordamiento de texto en las tarjetas de descripción de producto,7
Frontend Desarrollo Baja Añadir un botón flotante de WhatsApp con un mensaje predefinido para contacto rápido,5
Frontend Refactorización Media Limpieza de archivos JavaScript antiguos que ya no están vinculados a ninguna página,8
Frontend Desarrollo Media Desarrollo de un contador de caracteres restante en los campos de comentarios,6
Frontend Testing Media Realización de pruebas de navegación usando solo el teclado para verificar la accesibilidad,9
Frontend Documentación Media Redacción de un documento con los problemas de diseño resueltos durante las prácticas,6
Frontend Desarrollo Alta Implementación de un sistema de filtrado de productos por múltiples categorías simultáneas,20
Frontend Arreglo Baja Corrección del color de los enlaces visitados para que no se confundan con el fondo,3
Frontend Desarrollo Media Creación de un componente de "Acordeón" para mostrar u ocultar detalles técnicos,10
Frontend Investigación Baja Lectura de guías de diseño sobre cómo organizar la información en pantallas de gestión,5
Frontend Arreglo Media Reparación de errores en los que el menú principal tapa el contenido al hacer scroll,7
Frontend Desarrollo Baja Configuración de una página de "Construcción" con una cuenta atrás para el lanzamiento,8
Frontend Refactorización Media Reemplazo de funciones anónimas por funciones con nombre para facilitar el depurado,7
Frontend Desarrollo Alta Creación de un gráfico circular simple para mostrar el porcentaje de stock disponible,18
Frontend Arreglo Baja Ajuste de los bordes redondeados en las imágenes para que coincidan con el diseño del sitio,4
Frontend Documentación Baja Actualización del archivo de versiones de la aplicación con los cambios de la semana,3
Frontend Desarrollo Media Implementación de un sistema de autoguardado local para que no se pierda lo escrito en formularios,14
Frontend Investigación Media Análisis de por qué la web carga lento en conexiones 3G y propuesta de optimización,10
Frontend Desarrollo Baja Creación de una página de términos y condiciones con formato de lectura fácil,5
Frontend Arreglo Media Corrección de errores de visualización de tablas que tienen demasiadas columnas para el móvil,9
Frontend Desarrollo Alta Desarrollo de una interfaz para subir varios archivos a la vez con barra de progreso individual,26
Frontend Refactorización Baja Unificación de todos los archivos CSS de botones en uno solo para mejor organización,5
Frontend Arreglo Baja Reparación de sombras proyectadas que se cortan de forma abrupta en algunos contenedores,4
Frontend Desarrollo Media Implementación de un selector de fechas personalizado que bloquee los fines de semana,12
Frontend Investigación Alta Estudio de cómo afectan los diferentes formatos de fuente al tiempo de renderizado,11
Frontend Documentación Media Creación de un manual para el cliente sobre cómo cambiar los textos de la página,12
Frontend Desarrollo Baja Integración de un reproductor de audio con lista de reproducción para audios de ayuda,10
Frontend Arreglo Media Solución de problemas donde los elementos fijos se mueven al abrir el teclado en móviles,8
Frontend Desarrollo Alta Creación de una animación de "confeti" visual al completar con éxito una compra o registro,15
Frontend Refactorización Media Mejora del rendimiento eliminando el uso excesivo de sombras y degradados complejos,9
Frontend Arreglo Baja Corrección de la alineación de los iconos de redes sociales en el pie de página,3
Frontend Desarrollo Media Implementación de un sistema de avisos que desaparecen automáticamente a los 5 segundos,7
Frontend Investigación Media Prueba de diferentes librerías de iconos para encontrar la que menos ocupe en memoria,6
Frontend Documentación Baja Registro de todas las fuentes y colores corporativos en un archivo de configuración,4
Frontend Desarrollo Baja Añadir una sección de "Novedades" con una etiqueta de "Nuevo" animada en los productos,6
Frontend Arreglo Media Reparación de menús laterales que no se pueden cerrar al pulsar la tecla Escape,6
Frontend Desarrollo Alta Implementación de una funcionalidad de búsqueda con resaltado de las palabras encontradas,24
Frontend Refactorización Baja Cambio de rutas relativas por rutas absolutas para evitar errores en subcarpetas,5
Frontend Arreglo Baja Ajuste de la altura de los campos de texto para que sean más cómodos de usar en móvil,5
Frontend Desarrollo Media Creación de un visualizador de imágenes que permita hacer zoom y rotar con botones,14
Frontend Investigación Alta Investigación sobre el uso de Web Workers para procesos pesados que bloquean la interfaz,15
Frontend Documentación Media Documentación de la estructura de la base de datos vista desde la interfaz de usuario,8
Frontend Desarrollo Baja Implementación de un sistema de "leer más" para recortar textos excesivamente largos,5
Frontend Arreglo Media Solución de errores donde las imágenes cargadas por el usuario aparecen rotadas,10
Frontend Desarrollo Alta Desarrollo de una página de estadísticas personales del usuario con barras de progreso,22
Frontend Refactorización Media Simplificación de la lógica de cambio de tema claro a oscuro para que use menos código,8
Frontend Arreglo Baja Corrección de la superposición de botones en formularios con muchos campos de entrada,4
Frontend Desarrollo Media Creación de un sistema de filtros rápidos (chips) para navegar por categorías de productos,9
Frontend Investigación Media Análisis de los clics de los usuarios para rediseñar la posición del botón principal,8
Frontend Documentación Alta Informe final de accesibilidad con las mejoras implementadas y puntos pendientes,12
Frontend Desarrollo Baja Inclusión de una pequeña animación de carga cada vez que se cambia de sección,6
Frontend Arreglo Media Corrección de saltos visuales en el diseño cuando se cargan fuentes personalizadas de Google,7
Frontend Desarrollo Alta Implementación de un sistema de drag and drop para organizar una lista de tareas simple,28
Frontend Refactorización Alta Migración de la lógica de visualización de tablas a una librería más moderna y rápida,20
Frontend Arreglo Baja Ajuste de los colores de fondo para mejorar la lectura en exteriores con mucho sol,5
Frontend Desarrollo Media Implementación de un sistema de ayuda con bocadillos de texto al pasar el ratón,8
Frontend Investigación Baja Búsqueda de ejemplos de formularios de contacto que conviertan mejor a los usuarios,4
Frontend Documentación Baja Listado de todas las tareas de diseño pendientes para el siguiente periodo de prácticas,3
Frontend Desarrollo Baja Creación de un mensaje de "Versión de prueba" que aparezca en la esquina de la web,4
Frontend Arreglo Media Reparación de errores en los que el contenido se desplaza a la derecha en móviles,7
Frontend Desarrollo Alta Desarrollo de un cuestionario de satisfacción con diferentes tipos de respuesta animada,24
Frontend Refactorización Baja Mejora de la limpieza del código eliminando variables que no se usan en el script,5
Frontend Arreglo Baja Corrección de la separación entre los elementos del menú para evitar clics accidentales,4
Frontend Desarrollo Media Creación de un sistema de banners informativos que se pueden cerrar y no vuelven a aparecer,10
Frontend Investigación Alta Prototipado de una función de "Modo Invitado" para navegar sin registrarse,12
Frontend Documentación Alta Manual técnico detallando cómo se han estructurado los componentes de la interfaz,15
Frontend Desarrollo Baja Inclusión de un selector de tamaño de letra para usuarios con dificultades visuales,8
Frontend Arreglo Media Solución de fallos donde los vídeos de fondo no se cargan correctamente en Firefox,6
Frontend Desarrollo Alta Implementación de un sistema de "Logros" que muestra una medalla al completar el perfil,18
Frontend Refactorización Media Unificación de los estilos de todos los botones para que sigan un mismo patrón,7
Frontend Arreglo Baja Corrección de sombras en los cuadros de texto que los hacían parecer inactivos,3
Frontend Desarrollo Media Creación de una página de perfil con subsecciones que se cargan sin refrescar la web,12
Frontend Investigación Media Estudio de cómo reducir el tamaño del archivo CSS final eliminando código muerto,9
Frontend Documentación Baja Registro de las pruebas de velocidad realizadas antes y después de optimizar,5
Frontend Desarrollo Baja Maquetación de una sección de "Sobre nosotros" con fotos del equipo y enlaces,8
Frontend Arreglo Media Ajuste de la respuesta visual de los enlaces para que cambien de color al pulsarlos,4
Frontend Desarrollo Alta Creación de una animación que simula la escritura de una máquina de escribir en el inicio,16
Frontend Refactorización Media Simplificación de los condicionales en el código para que sea más fácil de leer,9
Frontend Arreglo Baja Reparación de imágenes que se ven estiradas en ciertos tamaños de pantalla,4
Frontend Desarrollo Media Implementación de un sistema de mensajes informativos tipo "Sabías que..." aleatorios,10
Frontend Investigación Media Análisis de qué elementos distraen al usuario del objetivo principal de la web,7
Frontend Documentación Baja Actualización de la guía de instalación para incluir nuevas dependencias del frontend,4
Frontend Desarrollo Baja Maquetación de un formulario muy sencillo para que los usuarios dejen su opinión,7
Frontend Arreglo Media Solución de errores en los que la página se queda bloqueada al cargar un script externo,9
Frontend Desarrollo Alta Implementación de un sistema de "Noche/Día" que cambia automáticamente según la hora,22
Frontend Refactorización Media Revisión de todo el proyecto para asegurar que las etiquetas meta están bien puestas,10
Backend Investigación Baja Instalación del JDK y configuración de variables de entorno para desarrollo en Java,5
Backend Desarrollo Baja Creación de un proyecto base con Spring Boot usando Spring Initializr y dependencias web,6
Backend Investigación Media Estudio del protocolo HTTP y cómo funcionan los métodos GET POST PUT y DELETE,8
Backend Desarrollo Baja Creación de un endpoint Hello World que devuelva un mensaje de texto simple,4
Backend Desarrollo Media Implementación de una clase modelo para representar un Producto con sus atributos,7
Backend Desarrollo Media Creación de un controlador REST que gestione una lista estática de elementos,12
Backend Arreglo Baja Corrección de errores de compilación por falta de anotaciones básicas como @RestController,3
Backend Desarrollo Alta Desarrollo de una API simple para gestionar un inventario de libros en memoria,20
Backend Investigación Media Aprendizaje sobre el uso de Postman para realizar peticiones y probar la API,6
Backend Documentación Baja Redacción de una guía sobre cómo arrancar la aplicación y probar el primer endpoint,5
Backend Desarrollo Media Creación de una clase de servicio para separar la lógica de negocio del controlador,10
Backend Arreglo Baja Solución de problemas con el puerto 8080 bloqueado por otra aplicación,2
Backend Desarrollo Alta Implementación de validaciones de datos de entrada usando anotaciones como @NotNull y @Size,18
Backend Investigación Alta Estudio de la arquitectura de capas (Controller Service Repository) y su importancia,15
Backend Arreglo Media Reparación de errores al devolver objetos JSON con valores nulos inesperados,7
Backend Desarrollo Baja Creación de un endpoint que devuelva la fecha y hora actual del servidor,4
Backend Refactorización Media Limpieza de código eliminando lógica repetida en varios métodos del controlador,8
Backend Desarrollo Media Implementación de un sistema de filtrado simple por ID en una lista de objetos,9
Backend Testing Media Creación de pruebas manuales para verificar que los códigos de estado HTTP son correctos,8
Backend Documentación Media Elaboración de un diagrama de flujo sobre cómo se procesa una petición en la API,10
Backend Desarrollo Alta Creación de un sistema de registro de usuarios que guarde los datos en un ArrayList,24
Backend Arreglo Baja Corrección de errores tipográficos en las rutas de los endpoints de la API,3
Backend Desarrollo Media Desarrollo de un conversor de moneda como servicio independiente dentro del backend,10
Backend Investigación Media Lectura sobre el formato JSON y cómo mapear objetos Java a este formato,6
Backend Arreglo Media Solución de errores de "405 Method Not Allowed" por usar el método HTTP incorrecto,5
Backend Desarrollo Baja Implementación de un endpoint de ayuda que devuelva una lista de rutas disponibles,6
Backend Refactorización Baja Cambio de nombres de variables para que sigan el estándar de codificación Java,4
Backend Desarrollo Alta Creación de una lógica de negocio para aplicar descuentos basados en el tipo de cliente,22
Backend Arreglo Alta Resolución de errores de bucle infinito al serializar objetos con relaciones circulares,16
Backend Documentación Baja Comentarios explicativos en las clases principales del proyecto para el tutor,5
Backend Desarrollo Media Implementación de un sistema de búsqueda de productos por nombre ignorando mayúsculas,11
Backend Investigación Baja Búsqueda de información sobre cómo usar archivos .properties o .yml para configurar la app,4
Backend Desarrollo Media Creación de un generador de identificadores únicos para los nuevos registros,8
Backend Refactorización Media Sustitución de concatenación de Strings por StringBuilder en procesos de texto,6
Backend Desarrollo Baja Implementación de un endpoint para sumar dos números recibidos por parámetros de URL,5
Backend Arreglo Media Corrección de errores al intentar parsear números desde una petición de texto,7
Backend Documentación Media Redacción de un documento técnico sobre los tipos de datos usados en la API,8
Backend Desarrollo Alta Desarrollo de un sistema de niveles de log para registrar avisos y errores en la consola,15
Backend Testing Baja Verificación manual de que la API responde correctamente ante datos de entrada vacíos,6
Backend Desarrollo Media Creación de un servicio que simule el envío de un correo electrónico imprimiendo en consola,9
Backend Arreglo Baja Reparación de un error que impedía ver los cambios en el código sin reiniciar el servidor,4
Backend Investigación Media Estudio sobre qué son las excepciones y cómo capturarlas con try-catch en Java,8
Backend Desarrollo Alta Implementación de un manejador global de errores para devolver mensajes personalizados,20
Backend Refactorización Baja Mejora de la legibilidad del código separando métodos largos en otros más pequeños,7
Backend Desarrollo Media Creación de un endpoint para importar una lista de tareas desde un archivo de texto,14
Backend Arreglo Media Solución de problemas de codificación de caracteres (UTF-8) en las respuestas de la API,5
Backend Documentación Baja Creación de un archivo README detallando las tecnologías y versiones usadas,4
Backend Desarrollo Alta Desarrollo de un sistema de gestión de sesiones basado en un identificador simple,25
Backend Testing Media Realización de pruebas para asegurar que los campos obligatorios devuelven un error 400,10
Backend Desarrollo Media Implementación de una lógica de ordenación de listas por diferentes criterios,12
Backend Arreglo Baja Reparación de un bug que permitía crear elementos con valores negativos ilegales,6
Backend Investigación Media Investigación sobre cómo securizar una API mediante el uso de una API Key simple,10
Backend Desarrollo Alta Creación de un sistema de permisos rudimentario basado en un parámetro de la petición,22
Backend Refactorización Media Reorganización de los paquetes del proyecto para seguir el estándar del equipo,8
Backend Desarrollo Media Implementación de un endpoint que devuelva estadísticas básicas de los datos en memoria,11
Backend Arreglo Media Solución de errores de "500 Internal Server Error" debidos a punteros nulos,9
Backend Desarrollo Baja Creación de un servicio de configuración que lea valores desde un archivo externo,7
Backend Testing Alta Creación de un plan de pruebas completo para el módulo de gestión de usuarios,18
Backend Desarrollo Media Desarrollo de un sistema de paginación manual para listas con muchos elementos,13
Backend Arreglo Baja Corrección de mensajes de error que contenían información sensible del servidor,5
Backend Investigación Alta Estudio de la diferencia entre autenticación y autorización en sistemas web,12
Backend Desarrollo Media Creación de un simulador de pasarela de pagos que devuelva éxito o error aleatorio,10
Backend Refactorización Baja Actualización de las dependencias del proyecto a las versiones recomendadas,4
Backend Desarrollo Alta Implementación de un sistema de carga de archivos de texto y procesamiento de su contenido,28
Backend Arreglo Media Resolución de problemas de lentitud en el arranque de la aplicación por configuraciones pesadas,12
Backend Documentación Media Elaboración de una guía de uso de la API para que la entienda el equipo de Frontend,14
Backend Desarrollo Baja Creación de un endpoint para limpiar o resetear los datos de prueba en memoria,5
Backend Testing Media Verificación de que la API soporta peticiones concurrentes básicas de varios usuarios,10
Backend Desarrollo Media Desarrollo de un servicio que calcule el tiempo de ejecución de cada petición,8
Backend Arreglo Baja Corrección de la estructura de los objetos JSON devueltos para que coincidan con el diseño,4
Backend Investigación Media Búsqueda de librerías para realizar validaciones de formato de email y teléfono,6
Backend Desarrollo Alta Implementación de un sistema de histórico que guarde los cambios realizados en los datos,24
Backend Refactorización Media Mejora de la arquitectura eliminando el acoplamiento entre clases mediante interfaces,14
Backend Desarrollo Media Creación de un endpoint para descargar la lista de elementos en formato CSV,12
Backend Arreglo Media Solución de conflictos al usar diferentes versiones de librerías en el mismo proyecto,7
Backend Desarrollo Baja Implementación de un sistema de salud (Health Check) que indique si la API está lista,3
Backend Testing Baja Comprobación manual de que la API funciona correctamente en un entorno de red local,5
Backend Desarrollo Alta Desarrollo de un motor de búsqueda que permita usar operadores básicos como Y y O,30
Backend Arreglo Alta Reparación de fallos críticos donde la aplicación se caía al recibir datos mal formados,18
Backend Documentación Baja Comentarios de código siguiendo el estándar Javadoc para la generación de manuales,6
Backend Investigación Baja Aprendizaje sobre el uso del depurador (Debugger) del IDE para seguir el código,5
Backend Desarrollo Media Implementación de un límite de intentos para peticiones fallidas a un endpoint,10
Backend Refactorización Alta Rediseño de la lógica de negocio para permitir la extensión a nuevos tipos de datos,20
Backend Desarrollo Baja Creación de un modelo de datos para almacenar la configuración de perfil del usuario,6
Backend Arreglo Media Corrección de errores al intentar acceder a recursos compartidos desde varios hilos,12
Backend Desarrollo Alta Integración con una API de terceros para obtener datos de códigos postales,22
Backend Testing Media Realización de pruebas de integración entre el controlador y la capa de servicio,10
Backend Desarrollo Media Implementación de una caché simple en memoria para los resultados de búsqueda,9
Backend Arreglo Baja Solución de errores en las rutas de los archivos de recursos del servidor,4
Backend Documentación Alta Redacción técnica sobre cómo se gestiona la seguridad y los tokens en el sistema,15
Backend Desarrollo Media Desarrollo de un servicio de notificaciones internas por consola con diferentes prioridades,11
Backend Refactorización Baja Simplificación de métodos que contienen demasiada lógica condicional anidada,8
Backend Desarrollo Baja Creación de un endpoint para obtener información sobre la licencia de la app,3
Backend Arreglo Media Solución de errores en los que la aplicación consumía demasiada memoria RAM,15
Backend Investigación Media Estudio sobre el impacto de la serialización en el rendimiento de la API,8
Backend Desarrollo Alta Implementación de un sistema de autenticación básica mediante cabeceras HTTP,25
Backend Testing Baja Verificación de que los logs de error se escriben correctamente en un archivo local,5
Backend Desarrollo Media Creación de un sistema de etiquetas para categorizar los registros de la base de datos,10
Backend Arreglo Baja Corrección de un problema de redondeo en los cálculos matemáticos del backend,4
Backend Refactorización Media Cambio de la gestión de errores manual por el uso de anotaciones especializadas,9
Backend Investigación Media Estudio de los fundamentos de SQL y diferencias entre bases de datos relacionales y NoSQL,8
Backend Desarrollo Baja Configuración de la conexión a una base de datos MySQL local mediante el archivo de propiedades,6
Backend Desarrollo Media Creación de las primeras tablas de la base de datos usando scripts SQL manuales,10
Backend Investigación Alta Aprendizaje sobre el mapeo objeto-relacional (ORM) con Hibernate o JPA,15
Backend Desarrollo Media Creación de entidades JPA con relaciones Uno a Muchos entre clientes y pedidos,14
Backend Arreglo Baja Solución de errores de conexión por credenciales incorrectas en el acceso a la BD,3
Backend Desarrollo Alta Implementación de un repositorio CRUD completo que persista datos en base de datos real,25
Backend Investigación Media Lectura sobre el uso de BCrypt para el cifrado seguro de contraseñas de usuario,7
Backend Desarrollo Media Desarrollo de una lógica de login que verifique la contraseña cifrada en la base de datos,12
Backend Documentación Baja Creación de un diccionario de datos explicando cada columna de las tablas de la BD,8
Backend Desarrollo Baja Creación de un endpoint para verificar si el servidor tiene conexión activa con la base de datos,4
Backend Arreglo Media Reparación de errores de persistencia debidos a nombres de columnas mal mapeados en Java,8
Backend Desarrollo Alta Implementación de un sistema de registro que valide que el email no existe antes de insertar,18
Backend Investigación Alta Estudio de qué es un JWT (JSON Web Token) y cómo se usa para mantener sesiones,12
Backend Arreglo Baja Corrección de errores de tipo de dato al insertar fechas en la base de datos,5
Backend Desarrollo Media Creación de consultas personalizadas usando JPQL para filtrar productos por precio,11
Backend Refactorización Media Sustitución de sentencias SQL nativas por el uso de métodos del repositorio JPA,10
Backend Desarrollo Alta Implementación de un sistema de roles para que solo el administrador pueda borrar datos,22
Backend Testing Media Realización de pruebas para asegurar que los datos no se pierden al reiniciar el servidor,8
Backend Documentación Media Elaboración de un diagrama Entidad-Relación actualizado con las nuevas tablas,10
Backend Desarrollo Media Creación de un endpoint para actualizar parcialmente los datos de un perfil de usuario,12
Backend Arreglo Baja Solución de problemas de codificación al guardar nombres con tildes en la base de datos,4
Backend Desarrollo Alta Desarrollo de una lógica para generar y devolver un token de sesión tras un login exitoso,28
Backend Investigación Media Búsqueda de información sobre cómo evitar ataques de inyección SQL en el código,6
Backend Arreglo Media Resolución de errores de clave foránea al intentar borrar registros con dependencias,10
Backend Desarrollo Baja Creación de un servicio para exportar los logs de errores de la base de datos a texto,7
Backend Refactorización Baja Normalización de nombres de tablas para seguir el estándar snake_case en la BD,5
Backend Desarrollo Alta Implementación de un sistema de recuperación de contraseña mediante un token temporal,24
Backend Arreglo Alta Reparación de un fallo que permitía acceder a rutas privadas sin estar autenticado,16
Backend Documentación Baja Comentarios técnicos sobre la configuración de seguridad del proyecto,6
Backend Desarrollo Media Creación de una consulta compleja que una datos de tres tablas diferentes para un reporte,15
Backend Investigación Baja Aprendizaje sobre el uso de herramientas como DBeaver o Workbench para ver la BD,4
Backend Desarrollo Media Implementación de una lógica de "borrado lógico" (is_deleted) en lugar de borrado físico,10
Backend Refactorización Media Mejora del rendimiento añadiendo índices a las columnas más consultadas de la BD,12
Backend Desarrollo Baja Creación de un endpoint para obtener el número total de registros en cada tabla,5
Backend Arreglo Media Corrección de errores de duplicidad de datos por falta de restricciones Unique en la BD,7
Backend Documentación Media Redacción de una guía de cómo realizar copias de seguridad de la base de datos local,6
Backend Desarrollo Alta Desarrollo de un sistema de auditoría que registre qué usuario modificó cada registro,20
Backend Testing Baja Verificación manual de que los filtros de búsqueda devuelven los resultados esperados,7
Backend Desarrollo Media Implementación de una tarea programada que limpie tokens caducados de la base de datos,14
Backend Arreglo Baja Solución de errores al intentar insertar valores nulos en columnas obligatorias,4
Backend Investigación Media Estudio sobre el uso de migraciones de base de datos con herramientas como Flyway,10
Backend Desarrollo Alta Integración de un sistema de validación de tokens en cada petición a la API,30
Backend Refactorización Baja Simplificación de las clases de configuración de seguridad para mejorar la claridad,8
Backend Desarrollo Media Creación de un servicio para cambiar la contraseña del usuario previa validación,10
Backend Arreglo Media Reparación de un bug que impedía el cierre correcto de las conexiones a la base de datos,12
Backend Documentación Baja Creación del archivo de exportación del esquema de la base de datos (SQL dump),4
Backend Desarrollo Alta Desarrollo de un sistema de permisos basado en niveles (básico intermedio avanzado),24
Backend Testing Media Pruebas de integración para verificar el flujo completo desde el login hasta la consulta,14
Backend Desarrollo Media Implementación de una caché de resultados para las consultas SQL más frecuentes,12
Backend Arreglo Baja Corrección del formato de los mensajes de error devueltos cuando falla la BD,5
Backend Investigación Media Investigación sobre cómo manejar transacciones para asegurar la integridad de los datos,9
Backend Desarrollo Alta Implementación de una lógica de carrito de compra que se guarde en la base de datos,28
Backend Refactorización Media Reestructuración de la base de datos para separar los datos de login de los perfiles,14
Backend Desarrollo Media Creación de un endpoint para activar o desactivar usuarios desde el panel de gestión,8
Backend Arreglo Media Solución de problemas de lentitud al realizar búsquedas por texto en tablas grandes,11
Backend Desarrollo Baja Creación de un modelo para almacenar las preferencias de idioma de cada usuario en BD,6
Backend Testing Alta Creación de un script de pruebas para insertar 1000 registros de prueba de una vez,12
Backend Desarrollo Media Desarrollo de un sistema de mensajes de error dinámicos guardados en la base de datos,10
Backend Arreglo Baja Corrección de un problema de zona horaria al guardar fechas en el servidor,6
Backend Investigación Alta Estudio de alternativas a la base de datos actual y costes de migración,15
Backend Desarrollo Media Creación de un panel de resumen con los ingresos totales calculados desde la BD,12
Backend Refactorización Baja Organización de las clases de excepciones personalizadas en un paquete dedicado,5
Backend Desarrollo Alta Implementación de una pasarela de pago simulada que actualice el estado del pedido en BD,30
Backend Arreglo Media Solución de errores en los que la aplicación se bloqueaba por demasiadas conexiones abiertas,15
Backend Documentación Media Elaboración de un manual sobre la política de seguridad y gestión de usuarios,12
Backend Desarrollo Baja Creación de un endpoint para obtener la lista de provincias desde una tabla estática,4
Backend Testing Media Comprobación de que la API responde correctamente ante intentos de inyección SQL,10
Backend Desarrollo Media Desarrollo de un buscador que permita filtrar por rango de fechas de creación,9
Backend Arreglo Baja Corrección de errores tipográficos en los nombres de los parámetros de consulta,3
Backend Investigación Media Investigación sobre el uso de librerías como Lombok para reducir el código repetitivo,6
Backend Desarrollo Alta Creación de un sistema de invitaciones por código que se validan contra la base de datos,24
Backend Refactorización Media Optimización de la carga de objetos relacionados usando FetchType de Hibernate,12
Backend Desarrollo Media Implementación de un contador de intentos de login fallidos por cada usuario,10
Backend Arreglo Media Resolución de conflictos cuando dos usuarios intentan actualizar el mismo registro a la vez,14
Backend Desarrollo Baja Creación de un endpoint que devuelva la versión de la base de datos y su estado,4
Backend Testing Baja Verificación de que los tokens de sesión caducan correctamente tras el tiempo fijado,6
Backend Desarrollo Alta Desarrollo de un servicio de generación de facturas que consulte datos de varias tablas,26
Backend Arreglo Alta Solución de un fallo crítico que permitía ver datos de otros usuarios cambiando el ID,20
Backend Documentación Baja Comentarios de Javadoc detallando el funcionamiento de los métodos del repositorio,5
Backend Investigación Baja Aprendizaje sobre el uso de logs de nivel Debug para rastrear consultas SQL,6
Backend Desarrollo Media Implementación de una lógica para subir y asociar documentos PDF a un usuario en la BD,16
Backend Refactorización Alta Migración de la lógica de seguridad manual a un framework como Spring Security,25
Backend Desarrollo Baja Creación de un modelo para guardar el historial de conexiones de los usuarios,5
Backend Arreglo Media Corrección de errores en la paginación cuando el número de elementos es muy pequeño,6
Backend Desarrollo Alta Integración de una API externa para validar direcciones postales antes de guardarlas,22
Backend Testing Media Realización de pruebas unitarias sobre los métodos de cálculo de la capa de servicio,10
Backend Desarrollo Media Implementación de un sistema de categorías jerárquicas (padres e hijos) en la BD,14
Backend Arreglo Baja Reparación de un bug que impedía registrar usuarios con correos muy largos,4
Backend Documentación Alta Redacción de un informe sobre el rendimiento de la base de datos bajo carga,12
Backend Desarrollo Media Desarrollo de un servicio para calcular la antigüedad de los usuarios en el sistema,7
Backend Refactorización Baja Mejora de la legibilidad de las consultas SQL complejas usando saltos de línea,4
Backend Desarrollo Baja Creación de un endpoint para descargar la base de datos actual en formato JSON,8
Backend Arreglo Media Solución de errores al procesar caracteres especiales en las búsquedas del backend,7
Backend Investigación Media Estudio sobre el impacto de usar UUID en lugar de IDs incrementales en la BD,8
Backend Desarrollo Alta Implementación de un sistema de mensajería interna que guarde los chats en la base de datos,30
Backend Testing Baja Verificación de que la base de datos se crea correctamente desde cero con los scripts,6
Backend Desarrollo Media Creación de un sistema de etiquetas (tags) vinculadas a los productos mediante BD,10
Backend Arreglo Baja Corrección de un problema de redondeo en los totales almacenados en la base de datos,4
Backend Refactorización Media Cambio del sistema de almacenamiento de archivos de local a una ruta configurable,11
Backend Desarrollo Baja Creación de un endpoint Hello World usando Python y el framework Flask,5
Backend Desarrollo Baja Configuración de un entorno virtual de Python y gestión de dependencias con pip,4
Backend Desarrollo Media Implementación de una API REST básica para la gestión de alumnos con Flask,12
Backend Investigación Media Estudio de las diferencias entre los decoradores de Spring Boot y Flask,6
Backend Desarrollo Media Creación de un servicio en Python para el procesamiento de archivos JSON,9
Backend Arreglo Baja Corrección de errores de tabulación y sintaxis en scripts de servidor en Python,3
Backend Desarrollo Alta Desarrollo de un sistema de autenticación simple usando Flask-Login,22
Backend Investigación Baja Búsqueda de documentación sobre cómo conectar Flask con una base de datos SQL,5
Backend Desarrollo Media Implementación de validaciones de formularios en el backend usando Python,10
Backend Documentación Baja Redacción de una guía de instalación para proyectos basados en Python,5
Backend Desarrollo Baja Creación de un endpoint en Spring Boot para consultar el stock de un almacén,6
Backend Desarrollo Baja Creación de un endpoint en Spring Boot para consultar el stock de una tienda,6
Backend Desarrollo Media Implementación de un servicio de envío de correos electrónicos para facturación,12
Backend Desarrollo Media Implementación de un servicio de envío de correos electrónicos para soporte,12
Backend Arreglo Media Solución de problemas de conexión entre el servidor Python y la base de datos,8
Backend Arreglo Media Solución de problemas de conexión entre el servidor Java y la base de datos,8
Backend Desarrollo Alta Creación de un sistema de subida de archivos PDF con validación de tamaño,20
Backend Desarrollo Alta Creación de un sistema de subida de imágenes con validación de formato,20
Backend Investigación Media Estudio del uso de variables de entorno para ocultar claves de la API,6
Backend Documentación Media Elaboración de un manual sobre la estructura de la base de datos de alumnos,8
Backend Desarrollo Media Desarrollo de un endpoint para filtrar pedidos por estado (pendiente o enviado),10
Backend Desarrollo Media Desarrollo de un endpoint para filtrar facturas por estado (pagada o pendiente),10
Backend Arreglo Baja Corrección de un error en el mensaje de respuesta al borrar un usuario,3
Backend Arreglo Baja Corrección de un error en el mensaje de respuesta al borrar un producto,3
Backend Desarrollo Alta Implementación de un sistema de roles para distinguir entre profesor y alumno,24
Backend Desarrollo Alta Implementación de un sistema de roles para distinguir entre editor y lector,24
Backend Investigación Alta Investigación sobre el uso de SQLAlchemy para el mapeo de datos en Python,12
Backend Refactorización Baja Cambio de nombres de rutas para que sigan el estándar RESTful,4
Backend Desarrollo Media Creación de un generador de informes en texto plano para auditoría,8
Backend Desarrollo Media Creación de un generador de informes en texto plano para ventas diarias,8
Backend Arreglo Media Reparación de errores al procesar fechas en formato ISO desde el frontend,7
Backend Arreglo Media Reparación de errores al procesar fechas en formato local desde el frontend,7
Backend Desarrollo Baja Implementación de un log que registre cada vez que se accede a un recurso,5
Backend Desarrollo Baja Implementación de un log que registre cada vez que ocurre un error 404,5
Backend Testing Media Realización de pruebas manuales para verificar el límite de caracteres en el registro,6
Backend Testing Media Realización de pruebas manuales para verificar el formato del email en el registro,6
Backend Desarrollo Alta Desarrollo de una lógica para aplicar descuentos por pronto pago en facturas,18
Backend Desarrollo Alta Desarrollo de una lógica para aplicar descuentos por fidelidad en pedidos,18
Backend Refactorización Media Optimización de la lógica de búsqueda para reducir el consumo de memoria,10
Backend Refactorización Media Optimización de la lógica de filtrado para reducir el consumo de memoria,10
Backend Arreglo Baja Solución de un bug que impedía actualizar el teléfono de contacto del perfil,4
Backend Arreglo Baja Solución de un bug que impedía actualizar la dirección de envío del perfil,4
Backend Investigación Media Estudio de cómo implementar un sistema de recuperación de cuenta por SMS,10
Backend Desarrollo Media Creación de un servicio para la exportación de datos de usuarios a Excel,14
Backend Desarrollo Media Creación de un servicio para la exportación de datos de ventas a Excel,14
Backend Documentación Baja Comentarios en el código sobre el funcionamiento del cifrado de datos,6
Backend Desarrollo Baja Creación de un endpoint para obtener la lista de países disponibles,4
Backend Desarrollo Baja Creación de un endpoint para obtener la lista de ciudades disponibles,4
Backend Arreglo Media Corrección de un error de lógica que duplicaba los registros al hacer doble clic,12
Backend Arreglo Media Corrección de un error de lógica que borraba registros incorrectos al usar el ID,12
Backend Investigación Alta Análisis de seguridad para proteger el servidor contra ataques de fuerza bruta,15
Backend Desarrollo Alta Implementación de un bloqueo temporal tras tres intentos de login fallidos,20
Backend Desarrollo Alta Implementación de un bloqueo temporal tras cinco intentos de login fallidos,18
Backend Refactorización Baja Limpieza de importaciones no utilizadas en el código del servidor Java,3
Backend Refactorización Baja Limpieza de importaciones no utilizadas en el código del servidor Python,3
Backend Desarrollo Media Creación de un servicio de envío de notificaciones internas por consola,8
Backend Desarrollo Media Creación de un servicio de envío de notificaciones internas por log,8
Backend Arreglo Baja Reparación de una ruta mal escrita en el controlador de productos,2
Backend Arreglo Baja Reparación de una ruta mal escrita en el controlador de usuarios,2
Backend Investigación Media Búsqueda de librerías para manejar archivos ZIP en el backend,6
Backend Desarrollo Alta Desarrollo de un motor de reglas para validar la complejidad de las contraseñas,15
Backend Desarrollo Alta Desarrollo de un motor de reglas para validar la integridad de los documentos,15
Backend Refactorización Media Sustitución de listas simples por mapas para mejorar la velocidad de búsqueda,8
Backend Refactorización Media Sustitución de listas simples por sets para evitar elementos duplicados,8
Backend Desarrollo Baja Implementación de un endpoint para saludar al usuario por su nombre,3
Backend Desarrollo Baja Implementación de un endpoint para despedir al usuario por su nombre,3
Backend Testing Media Verificación de que los errores de la base de datos no se muestran al usuario,7
Backend Testing Media Verificación de que los errores del servidor no se muestran al usuario,7
Backend Desarrollo Media Creación de un contador de descargas para cada archivo del sistema,9
Backend Desarrollo Media Creación de un contador de visualizaciones para cada página del sistema,9
Backend Arreglo Media Solución de errores de timeout al realizar peticiones a servicios externos,10
Backend Arreglo Media Solución de errores de timeout al realizar consultas pesadas en la base de datos,10
Backend Documentación Media Redacción de la guía para configurar el acceso a la base de datos en staging,7
Backend Investigación Baja Lectura sobre el uso de Git para el trabajo colaborativo en el backend,4
Backend Desarrollo Alta Implementación de un sistema de invitaciones por correo electrónico,22
Backend Desarrollo Alta Implementación de un sistema de invitaciones por enlace temporal,22
Backend Refactorización Media Mejora de la estructura de las respuestas JSON para que sean uniformes,8
Backend Refactorización Media Mejora de la estructura de los errores JSON para que sean uniformes,8
Backend Desarrollo Baja Creación de una tarea que genere un informe de errores cada 24 horas,10
Backend Desarrollo Baja Creación de una tarea que genere un informe de ventas cada 24 horas,10
Backend Arreglo Baja Reparación de un error ortográfico en los encabezados de la respuesta API,2
Backend Arreglo Baja Reparación de un error ortográfico en los cuerpos de la respuesta API,2
Backend Investigación Media Estudio de cómo limitar el número de peticiones por minuto (Rate Limiting),12
Backend Desarrollo Media Implementación de una restricción de acceso por dirección IP del cliente,14
Backend Desarrollo Media Implementación de una restricción de acceso por rango horario del cliente,14
Backend Arreglo Media Corrección de un fallo al cerrar la conexión con el servicio de correo,6
Backend Arreglo Media Corrección de un fallo al cerrar la conexión con el servicio de logs,6
Backend Documentación Alta Informe técnico sobre la escalabilidad del backend propuesto,15
Backend Desarrollo Alta Desarrollo de una función para calcular el balance de ingresos y gastos,20
Backend Desarrollo Alta Desarrollo de una función para calcular el balance de stock e inventario,20
Backend Refactorización Baja Organización de las constantes del proyecto en un archivo independiente,4
Backend Refactorización Baja Organización de las configuraciones del proyecto en un archivo independiente,4
Backend Desarrollo Media Creación de un endpoint para obtener el perfil del usuario autenticado,7
Backend Desarrollo Media Creación de un endpoint para obtener los ajustes del usuario autenticado,7
Backend Arreglo Media Solución de problemas al subir archivos con espacios en el nombre,8
Backend Arreglo Media Solución de problemas al subir archivos con caracteres especiales en el nombre,8
Backend Investigación Media Búsqueda de alternativas a la librería de cifrado actual por ser obsoleta,7
Backend Desarrollo Alta Implementación de un sistema de registro de actividad para administradores,24
Backend Desarrollo Alta Implementación de un sistema de registro de actividad para usuarios VIP,24
Backend Refactorización Media Simplificación de las funciones de cálculo de impuestos para facilitar el mantenimiento,10
Backend Desarrollo Media Creación de un endpoint para la subida de avatares de usuario en formato PNG,12
Backend Desarrollo Media Creación de un endpoint para la subida de avatares de usuario en formato JPG,14
Backend Arreglo Baja Corrección de error de validación en el campo código postal del registro,4
Backend Arreglo Baja Corrección de error de validación en el campo número de teléfono del registro,5
Backend Desarrollo Alta Implementación de un sistema de recuperación de contraseña por email (SMTP),20
Backend Desarrollo Alta Implementación de un sistema de recuperación de contraseña por email (SendGrid),22
Backend Investigación Media Estudio de la documentación oficial sobre el manejo de CORS en Spring Boot,6
Backend Investigación Media Estudio de la documentación oficial sobre el manejo de CORS en Flask,7
Backend Desarrollo Baja Creación de un endpoint que devuelva el estado de salud de la base de datos,4
Backend Desarrollo Baja Creación de un endpoint que devuelva el estado de salud del servidor,3
Backend Refactorización Media Optimización de la consulta de obtención de perfil de usuario en SQL,9
Backend Refactorización Media Optimización de la consulta de obtención de ajustes de usuario en SQL,10
Backend Desarrollo Media Desarrollo de un servicio para la generación de facturas en formato PDF,15
Backend Desarrollo Media Desarrollo de un servicio para la generación de presupuestos en formato PDF,16
Backend Arreglo Media Reparación de un bug que permitía introducir stock negativo en productos,8
Backend Arreglo Media Reparación de un bug que permitía introducir precios negativos en servicios,7
Backend Desarrollo Alta Integración de seguridad JWT para proteger las rutas de administración,25
Backend Desarrollo Alta Integración de seguridad JWT para proteger las rutas de usuario VIP,24
Backend Documentación Baja Redacción del manual de instalación de dependencias con Maven,5
Backend Documentación Baja Redacción del manual de instalación de dependencias con Pip,4
Backend Desarrollo Media Implementación de una lógica para el filtrado de pedidos por fecha,10
Backend Desarrollo Media Implementación de una lógica para el filtrado de pedidos por cliente,11
Backend Arreglo Baja Solución de un error de tipado al recibir el ID del usuario como String,3
Backend Arreglo Baja Solución de un error de tipado al recibir el ID del producto como String,2
Backend Desarrollo Alta Desarrollo de un sistema de logs que guarde la actividad en un archivo .log,14
Backend Desarrollo Alta Desarrollo de un sistema de logs que guarde la actividad en la base de datos,18
Backend Investigación Alta Investigación sobre el cifrado de datos sensibles en reposo (AES),15
Backend Investigación Alta Investigación sobre el cifrado de comunicaciones mediante TLS/SSL,12
Backend Refactorización Baja Limpieza de comentarios innecesarios y código muerto en el servicio de usuarios,4
Backend Refactorización Baja Limpieza de comentarios innecesarios y código muerto en el servicio de productos,3
Backend Desarrollo Media Creación de un endpoint para exportar el inventario a un archivo Excel,13
Backend Desarrollo Media Creación de un endpoint para exportar las ventas a un archivo Excel,15
Backend Arreglo Media Resolución de conflictos de concurrencia al actualizar el carrito de compra,12
Backend Arreglo Media Resolución de conflictos de concurrencia al actualizar el perfil de usuario,10
Backend Desarrollo Baja Configuración de un interceptor para añadir logs de tiempo a cada petición,6
Backend Desarrollo Baja Configuración de un interceptor para validar el idioma de la petición,5
Backend Testing Media Comprobación manual de que los tokens de seguridad caducan a los 30 minutos,8
Backend Testing Media Comprobación manual de que los tokens de seguridad caducan a los 60 minutos,9
Backend Desarrollo Alta Implementación de un sistema de roles con jerarquía (Admin Editor Usuario),22
Backend Desarrollo Alta Implementación de un sistema de roles con jerarquía (Superuser Manager Staff),24
Backend Arreglo Baja Corrección de un problema de formato en la respuesta JSON de errores,3
Backend Arreglo Baja Corrección de un problema de formato en la respuesta JSON de éxito,2
Backend Investigación Media Búsqueda de librerías para la compresión de archivos en el servidor,7
Backend Investigación Media Búsqueda de librerías para la generación de códigos de barras,6
Backend Desarrollo Media Creación de un servicio para calcular estadísticas de uso semanales,12
Backend Desarrollo Media Creación de un servicio para calcular estadísticas de uso mensuales,15
Backend Refactorización Alta Migración de la lógica de acceso a datos de JDBC a Hibernate,20
Backend Refactorización Alta Migración de la lógica de acceso a datos de SQL nativo a SQLAlchemy,18
Backend Desarrollo Baja Creación de un modelo para almacenar las notificaciones leídas,5
Backend Desarrollo Baja Creación de un modelo para almacenar las notificaciones pendientes,6
Backend Arreglo Media Solución de errores de desbordamiento de memoria al procesar archivos grandes,14
Backend Arreglo Media Solución de errores de desbordamiento de memoria al generar reportes grandes,16
Backend Documentación Media Elaboración de la guía de estilos para la escritura de código en el backend,8
Backend Documentación Media Elaboración de la guía de estilos para el diseño de la API REST,7
Backend Desarrollo Alta Desarrollo de una pasarela de pago simulada con respuesta de éxito/error,20
Backend Desarrollo Alta Desarrollo de una pasarela de pago simulada con validación de tarjeta,22
Backend Testing Baja Verificación de que el servidor responde 404 cuando la ruta no existe,2
Backend Testing Baja Verificación de que el servidor responde 401 cuando no hay token,3
Backend Desarrollo Media Implementación de una caché en memoria para los nombres de categorías,8
Backend Desarrollo Media Implementación de una caché en memoria para los nombres de países,7
Backend Arreglo Baja Reparación de un error ortográfico en el mensaje de bienvenida de la API,2
Backend Arreglo Baja Reparación de un error ortográfico en el mensaje de despedida de la API,2
Backend Investigación Alta Análisis de vulnerabilidades conocidas en las dependencias del proyecto,10
Backend Investigación Alta Análisis de vulnerabilidades conocidas en la configuración del servidor web,12
Backend Desarrollo Media Creación de una tarea programada para enviar recordatorios de tareas pendientes,14
Backend Desarrollo Media Creación de una tarea programada para enviar recordatorios de facturas impagadas,16
Backend Refactorización Baja Reorganización de las variables de configuración en un archivo único,4
Backend Refactorización Baja Reorganización de las rutas de la API en archivos separados por módulos,6
Backend Desarrollo Alta Implementación de un buscador que soporte caracteres especiales y tildes,15
Backend Desarrollo Alta Implementación de un buscador que soporte términos con espacios,13
Backend Arreglo Media Corrección de un fallo que impedía borrar imágenes del almacenamiento local,9
Backend Arreglo Media Corrección de un fallo que impedía borrar archivos temporales del servidor,8
Backend Documentación Baja Creación del esquema de la base de datos en formato imagen (ERD),5
Backend Documentación Baja Creación del esquema de la base de datos en formato SQL,4
Backend Desarrollo Media Creación de un endpoint para cambiar la contraseña actual del usuario,9
Backend Desarrollo Media Creación de un endpoint para cambiar el email actual del usuario,10
Backend Testing Media Realización de pruebas unitarias sobre el servicio de cálculo de impuestos,8
Backend Testing Media Realización de pruebas unitarias sobre el servicio de cálculo de envíos,7
Backend Desarrollo Alta Integración de un servicio de mapas para calcular distancias entre puntos,25
Backend Desarrollo Alta Integración de un servicio de clima para mostrar avisos meteorológicos,20
Backend Arreglo Baja Solución de un bug que mostraba el ID interno del usuario en la respuesta,4
Backend Arreglo Baja Solución de un bug que mostraba el hash de la contraseña en la respuesta,6
Backend Investigación Media Estudio sobre cómo implementar un sistema de chat en tiempo real,12
Backend Desarrollo Media Implementación de una lógica de "me gusta" para artículos del blog,8
Backend Desarrollo Media Implementación de una lógica de "favoritos" para productos del catálogo,9
Backend Refactorización Media Mejora de la estructura de las clases DTO para reducir la transferencia de datos,10
Backend Refactorización Media Mejora de la estructura de las clases Entity para optimizar las consultas,12
Backend Desarrollo Baja Creación de un endpoint para obtener la lista de idiomas soportados,4
Backend Desarrollo Baja Creación de un endpoint para obtener la lista de monedas soportadas,3
Backend Arreglo Media Corrección de un error al subir archivos con el mismo nombre (duplicados),7
Backend Arreglo Media Corrección de un error al subir archivos sin extensión definida,6
Backend Investigación Alta Investigación sobre el uso de microservicios frente a monolitos,15
Backend Desarrollo Alta Implementación de un sistema de registro de errores críticos enviado por email,20
Backend Desarrollo Alta Implementación de un sistema de registro de errores críticos guardado en BD,18
Backend Refactorización Baja Simplificación de los métodos de validación de usuarios,5
Backend Refactorización Baja Simplificación de los métodos de validación de productos,6
Backend Desarrollo Media Creación de un endpoint para obtener el historial de compras del usuario,12
Backend Desarrollo Media Creación de un endpoint para obtener el historial de logins del usuario,10
Backend Arreglo Baja Corrección de un problema de redondeo en el total del carrito,4
Backend Arreglo Baja Corrección de un problema de redondeo en el cálculo del IVA,3
Data Investigación Baja Instalación de Docker Desktop y configuración inicial del entorno de contenedores,6
Data Desarrollo Baja Creación de un contenedor simple de MySQL usando una imagen oficial de Docker Hub,5
Data Investigación Media Estudio de los comandos básicos de Docker como build run stop y ps,8
Data Desarrollo Media Creación de un archivo Dockerfile para empaquetar una aplicación Spring Boot sencilla,12
Data Arreglo Baja Corrección de errores de puertos ocupados al levantar contenedores de base de datos,4
Data Desarrollo Alta Configuración de un entorno multi-contenedor usando Docker Compose para API y BD,22
Data Investigación Media Aprendizaje sobre el uso de volúmenes en Docker para no perder los datos de la BD,10
Data Arreglo Media Solución de errores de red entre contenedores que no se ven entre sí,9
Data Refactorización Baja Limpieza de imágenes y contenedores antiguos que ocupan demasiado espacio,5
Data Documentación Baja Redacción de una guía de comandos básicos para que otros alumnos levanten el proyecto,6
Data BBDD Desarrollo Media Creación de un script SQL para la inserción masiva de datos de prueba en la BD,10
Data BBDD Arreglo Baja Corrección de un error de sintaxis en un procedimiento almacenado de MySQL,5
Data BBDD Investigación Media Búsqueda de información sobre cómo realizar copias de seguridad automáticas en SQL,7
Data BBDD Desarrollo Alta Diseño de una estructura de tablas para un sistema de gestión de almacén complejo,25
Data BBDD Arreglo Media Reparación de índices que ralentizan las consultas de búsqueda de productos,8
Data BBDD Refactorización Media Optimización de una consulta SQL que tarda demasiado en devolver resultados,10
Data BBDD Desarrollo Baja Creación de una vista simple para mostrar el total de ventas por cada categoría,7
Data BBDD Investigación Baja Estudio de las diferencias entre los motores de almacenamiento InnoDB y MyISAM,5
Data BBDD Arreglo Alta Recuperación de una base de datos dañada tras un cierre inesperado del servidor,18
Data Documentación Media Elaboración de un diagrama del modelo físico de la base de datos para la memoria,8
Data Desarrollo Media Configuración de un contenedor de administración de bases de datos como phpMyAdmin,6
Data Arreglo Baja Solución de problemas al intentar montar una carpeta local como volumen en Docker,6
Data Desarrollo Alta Implementación de un sistema de copias de seguridad automáticas mediante un script Bash,15
Data Investigación Media Aprendizaje sobre cómo limitar el consumo de CPU y RAM de un contenedor Docker,9
Data Arreglo Media Resolución de errores al intentar conectar el backend con la BD dentro de Docker,10
Data Desarrollo Baja Creación de un contenedor para una base de datos NoSQL como MongoDB para pruebas,7
Data Refactorización Baja Cambio de nombres de contenedores y redes para seguir una nomenclatura clara,4
Data Desarrollo Alta Configuración de una red personalizada en Docker para aislar la base de datos,14
Data Arreglo Alta Solución de fallos críticos cuando el contenedor se queda sin espacio en disco,12
Data Documentación Baja Registro de las credenciales de acceso a los diferentes entornos de base de datos,3
Data BBDD Desarrollo Media Creación de disparadores (triggers) para actualizar el stock automáticamente,12
Data BBDD Arreglo Baja Corrección de claves foráneas que impiden borrar registros de prueba,5
Data BBDD Investigación Media Estudio sobre cómo normalizar una base de datos hasta la tercera forma normal,10
Data BBDD Desarrollo Alta Migración manual de datos desde un archivo Excel a tablas de SQL,20
Data BBDD Arreglo Media Reparación de errores de codificación de caracteres en registros antiguos,8
Data BBDD Refactorización Baja Renombrado de tablas y columnas para mejorar la legibilidad del esquema,6
Data BBDD Desarrollo Baja Creación de una función SQL para calcular el precio final con impuestos,8
Data BBDD Investigación Baja Búsqueda de herramientas gratuitas para monitorizar el estado de la BD,5
Data BBDD Arreglo Alta Solución de bloqueos de tablas que impiden el acceso de varios usuarios a la vez,16
Data Documentación Media Redacción de un protocolo de actuación ante una pérdida de datos en el servidor,10
Data Desarrollo Media Creación de un archivo docker-compose específico para el entorno de testing,9
Data Arreglo Baja Solución de errores al descargar imágenes de Docker por problemas de red o proxy,5
Data Desarrollo Alta Implementación de un servidor de logs centralizado usando un contenedor dedicado,24
Data Investigación Media Estudio de las ventajas de usar contenedores frente a máquinas virtuales,6
Data Arreglo Media Resolución de problemas de permisos al ejecutar Docker en sistemas Linux,7
Data Desarrollo Baja Configuración de un contenedor de Redis para cachear consultas simples del backend,10
Data Refactorización Media Reducción del tamaño de la imagen Docker usando versiones "alpine" de las imágenes,11
Data Desarrollo Alta Configuración de un entorno de pre-producción que simule el servidor final,30
Data Arreglo Alta Reparación de un error de "Kernel panic" al levantar demasiados contenedores a la vez,15
Data Documentación Baja Creación de una lista de puertos necesarios para el funcionamiento del sistema,4
Data BBDD Desarrollo Media Desarrollo de un script para limpiar datos de usuario que no han tenido actividad,12
Data BBDD Arreglo Baja Corrección de campos que aceptan nulos cuando deberían ser obligatorios,4
Data BBDD Investigación Media Investigación sobre el uso de procedimientos almacenados frente a lógica en backend,9
Data BBDD Desarrollo Alta Creación de un esquema de base de datos para una red social con seguidores,28
Data BBDD Arreglo Media Solución de errores de integridad referencial al importar datos externos,10
Data BBDD Refactorización Media Mejora de la seguridad eliminando el usuario 'root' de la base de datos de la app,7
Data BBDD Desarrollo Baja Creación de un índice compuesto para acelerar búsquedas por nombre y apellido,6
Data BBDD Investigación Baja Búsqueda de información sobre bases de datos orientadas a grafos,6
Data BBDD Arreglo Alta Reparación de una base de datos que se quedó bloqueada en modo "solo lectura",14
Data Documentación Media Informe sobre el consumo de recursos de la base de datos durante una jornada de trabajo,8
Data Desarrollo Media Implementación de una interfaz gráfica simple para gestionar los contenedores Docker,7
Data Arreglo Baja Solución de errores al intentar parar un contenedor que no responde al comando stop,4
Data Desarrollo Alta Configuración de un sistema de monitorización básico para ver el estado de los servicios,20
Data Investigación Media Aprendizaje sobre el despliegue de aplicaciones web en servicios como Heroku o Render,12
Data Arreglo Media Resolución de fallos al subir una imagen de Docker personalizada a un registro externo,10
Data Desarrollo Baja Creación de un script para reiniciar todos los servicios del proyecto con un solo comando,5
Data Refactorización Baja Organización de los archivos de configuración de Docker en una carpeta dedicada,4
Data Desarrollo Alta Configuración de un sistema de integración continua (CI) muy básico para el backend,25
Data Arreglo Alta Solución de errores de incompatibilidad entre versiones de Docker y el sistema operativo,12
Data Documentación Baja Manual de usuario para acceder a la base de datos mediante la línea de comandos,5
Data BBDD Desarrollo Media Creación de un sistema de particionado manual para tablas con miles de registros,15
Data BBDD Arreglo Baja Corrección de valores por defecto incorrectos en las columnas de la base de datos,4
Data BBDD Investigación Media Estudio de cómo realizar consultas SQL que incluyan cálculos estadísticos,8
Data BBDD Desarrollo Alta Diseño de una base de datos para una tienda online con múltiples divisas e idiomas,35
Data BBDD Arreglo Media Reparación de errores al exportar la base de datos a un archivo SQL comprimido,7
Data BBDD Refactorización Media Optimización de los tipos de datos para ahorrar espacio en disco (usar int en vez de varchar),9
Data BBDD Desarrollo Baja Creación de un disparador que guarde un log cada vez que se borra un producto,10
Data BBDD Investigación Baja Lectura sobre las ventajas de usar bases de datos en la nube frente a local,6
Data BBDD Arreglo Alta Solución de un problema de corrupción de datos tras un fallo de suministro eléctrico,20
Data Documentación Media Redacción de una comparativa entre MySQL y PostgreSQL para el proyecto actual,8
Data Desarrollo Media Implementación de una variable de entorno para cambiar el nombre de la BD fácilmente,6
Data Arreglo Baja Solución de errores visuales en la consola al ejecutar comandos de Docker largos,3
Data Desarrollo Alta Configuración de un balanceador de carga muy simple usando un contenedor de Nginx,28
Data Investigación Media Investigación sobre el uso de secretos en Docker para proteger las contraseñas,10
Data Arreglo Media Resolución de problemas al compartir archivos entre el PC y el contenedor en Windows,9
Data Desarrollo Baja Creación de un contenedor para visualizar el tráfico de red de la aplicación,8
Data Refactorización Media Mejora del script de arranque para que compruebe si la BD está lista antes de iniciar,12
Data Desarrollo Alta Configuración de una tarea programada (cron) dentro de un contenedor Linux,18
Data Arreglo Alta Reparación de un fallo que impedía que los contenedores se reiniciaran tras un fallo,10
Data Documentación Baja Registro de los pasos necesarios para limpiar el entorno de desarrollo por completo,5
Data BBDD Desarrollo Media Creación de una consulta SQL que genere un informe de ventas por mes y año,12
Data BBDD Arreglo Baja Corrección de un error al intentar insertar emojis o caracteres raros en la BD,6
Data BBDD Investigación Media Estudio sobre cómo encriptar columnas específicas de la base de datos,12
Data BBDD Desarrollo Alta Implementación de un sistema de réplica de base de datos para evitar pérdida de info,30
Data BBDD Arreglo Media Solución de problemas de lentitud al realizar JOINS entre tablas muy grandes,14
Data BBDD Refactorización Baja Cambio de la estructura de una tabla para permitir múltiples valores en un campo,10
Data BBDD Desarrollo Baja Creación de un procedimiento que devuelva el stock de seguridad de los productos,8
Data BBDD Investigación Media Análisis de los logs de la base de datos para encontrar intentos de acceso fallidos,7
Data BBDD Arreglo Alta Reparación de un fallo que impedía arrancar la base de datos por un archivo de log lleno,12
Data Documentación Media Elaboración de un diagrama de arquitectura que incluya Docker y la base de datos,10
Data Desarrollo Baja Creación de un volumen en Docker para persistir los datos de la base de datos de usuarios,5
Data Desarrollo Baja Creación de un volumen en Docker para persistir los datos de la base de datos de productos,6
Data BBDD Desarrollo Media Implementación de una consulta SQL para obtener el listado de ventas mensuales,10
Data BBDD Desarrollo Media Implementación de una consulta SQL para obtener el listado de ventas semanales,9
Data Arreglo Media Solución de error de permisos al escribir en el volumen de Docker en Windows,8
Data Arreglo Media Solución de error de permisos al escribir en el volumen de Docker en Linux,7
Data Investigación Media Estudio de los comandos de Git para resolver conflictos de fusión (merge),6
Data Investigación Media Estudio de los comandos de Git para realizar un rebase de ramas,8
Data Desarrollo Alta Configuración de una red interna en Docker Compose para aislar el backend,12
Data Desarrollo Alta Configuración de una red interna en Docker Compose para aislar la base de datos,14
Data BBDD Arreglo Baja Corrección de un nombre de columna mal escrito en la tabla de facturas,3
Data BBDD Arreglo Baja Corrección de un nombre de columna mal escrito en la tabla de envíos,4
Data Desarrollo Media Creación de un contenedor de Nginx para servir archivos estáticos del frontend,10
Data Desarrollo Media Creación de un contenedor de Apache para servir archivos estáticos del frontend,11
Data BBDD Desarrollo Alta Diseño de un procedimiento almacenado para calcular el stock tras una venta,15
Data BBDD Desarrollo Alta Diseño de un procedimiento almacenado para calcular el stock tras una devolución,16
Data Investigación Baja Búsqueda de imágenes oficiales de PostgreSQL en Docker Hub para el proyecto,4
Data Investigación Baja Búsqueda de imágenes oficiales de MariaDB en Docker Hub para el proyecto,3
Data Arreglo Alta Recuperación de un contenedor que no arranca por corrupción del sistema de archivos,14
Data Arreglo Alta Recuperación de un contenedor que no arranca por falta de memoria RAM asignada,12
Data BBDD Desarrollo Media Creación de un índice en la tabla de clientes para mejorar la búsqueda por DNI,7
Data BBDD Desarrollo Media Creación de un índice en la tabla de clientes para mejorar la búsqueda por email,8
Data Refactorización Baja Cambio de la contraseña de root de la base de datos en el archivo Docker Compose,4
Data Refactorización Baja Cambio de las credenciales de usuario de la base de datos en el archivo Docker Compose,3
Data Documentación Media Redacción de los pasos para clonar el repositorio y levantar los contenedores,8
Data Documentación Media Redacción de los pasos para actualizar el repositorio y reiniciar los contenedores,7
Data Desarrollo Alta Implementación de un script Bash para realizar un volcado de la base de datos diario,14
Data Desarrollo Alta Implementación de un script Bash para realizar un volcado de la base de datos semanal,12
Data BBDD Arreglo Media Solución de un error de clave foránea al intentar eliminar un usuario con pedidos,10
Data BBDD Arreglo Media Solución de un error de clave foránea al intentar eliminar un producto con stock,11
Data Investigación Media Aprendizaje sobre el uso de Git Stash para guardar cambios temporales,5
Data Investigación Media Aprendizaje sobre el uso de Git Tag para marcar versiones de entrega,4
Data Arreglo Baja Reparación de un error de sintaxis en el archivo docker-compose.yml (indentación),3
Data Arreglo Baja Reparación de un error de sintaxis en el archivo Dockerfile (comando mal escrito),4
Data BBDD Desarrollo Baja Creación de una vista SQL para consultar los productos con bajo stock,6
Data BBDD Desarrollo Baja Creación de una vista SQL para consultar los productos más vendidos,7
Data Desarrollo Media Configuración de una variable de entorno para la URL de la API en el frontend,5
Data Desarrollo Media Configuración de una variable de entorno para la clave secreta en el backend,6
Data BBDD Refactorización Media Normalización de la tabla de direcciones para evitar redundancia de datos,12
Data BBDD Refactorización Media Normalización de la tabla de teléfonos para evitar redundancia de datos,10
Data Investigación Alta Investigación sobre el despliegue de contenedores en la plataforma Render,15
Data Investigación Alta Investigación sobre el despliegue de contenedores en la plataforma Railway,14
Data Arreglo Media Resolución de un conflicto de versiones entre la imagen de Node y el código del frontend,9
Data Arreglo Media Resolución de un conflicto de versiones entre la imagen de Java y el código del backend,11
Data BBDD Desarrollo Alta Creación de un disparador que registre los cambios de precio en una tabla de auditoría,18
Data BBDD Desarrollo Alta Creación de un disparador que registre los cambios de stock en una tabla de auditoría,20
Data Documentación Baja Registro de los puertos utilizados por cada servicio en el entorno de desarrollo,4
Data Documentación Baja Registro de las variables de entorno necesarias para arrancar el proyecto,3
Data Desarrollo Media Creación de un contenedor para ejecutar las pruebas automáticas del sistema,12
Data Desarrollo Media Creación de un contenedor para ejecutar el análisis de calidad de código,14
Data BBDD Arreglo Baja Corrección de un valor nulo en una columna que no debería permitirlo,4
Data BBDD Arreglo Baja Corrección de un valor por defecto incorrecto en una columna de tipo fecha,5
Data Refactorización Media Reorganización de las capas de la imagen Docker para reducir el tiempo de build,9
Data Refactorización Media Reorganización de las dependencias en el Dockerfile para aprovechar la caché,8
Data Desarrollo Alta Configuración de un servidor Proxy inverso con Nginx para gestionar el tráfico,24
Data Desarrollo Alta Configuración de un servidor Proxy inverso con Traefik para gestionar el tráfico,26
Data Investigación Media Estudio de cómo usar Git Cherry-pick para mover commits entre ramas,7
Data Investigación Media Estudio de cómo usar Git Revert para deshacer cambios de forma segura,6
Data BBDD Desarrollo Media Creación de una consulta SQL con JOIN para obtener pedidos y sus detalles,10
Data BBDD Desarrollo Media Creación de una consulta SQL con JOIN para obtener clientes y sus direcciones,9
Data Arreglo Alta Solución de un fallo que impedía la conexión remota a la base de datos de desarrollo,15
Data Arreglo Alta Solución de un fallo que impedía la conexión de la API a la base de datos en red Docker,16
Data BBDD Refactorización Baja Cambio de tipo de dato de VARCHAR a TEXT en campos de descripción larga,5
Data BBDD Refactorización Baja Cambio de tipo de dato de INT a BIGINT en campos de identificadores,6
Data Desarrollo Baja Configuración de un alias en la consola para agilizar los comandos de Docker,3
Data Desarrollo Baja Configuración de un script simple para borrar todos los logs del servidor,4
Data Documentación Alta Elaboración de un diagrama de infraestructura detallando redes y volúmenes,12
Data Documentación Alta Elaboración de un diagrama de flujo de datos entre los servicios del proyecto,10
Data BBDD Arreglo Media Reparación de una tabla que no permitía la inserción de registros por falta de ID,8
Data BBDD Arreglo Media Reparación de una tabla que tenía registros duplicados por falta de clave única,9
Data Investigación Baja Búsqueda de un cliente de base de datos ligero para equipos con poca RAM,5
Data Investigación Baja Búsqueda de un editor de texto ligero para modificar archivos de configuración,4
Data Desarrollo Alta Implementación de una estrategia de ramas en Git (GitFlow) para el equipo,18
Data Desarrollo Alta Implementación de una estrategia de ramas en Git (GitHub Flow) para el equipo,16
Data BBDD Desarrollo Media Creación de una consulta SQL para exportar los datos de usuarios a un CSV,12
Data BBDD Desarrollo Media Creación de una consulta SQL para exportar los datos de productos a un CSV,14
Data Arreglo Baja Corrección de un error de conexión por usar el nombre de host incorrecto en Docker,5
Data Arreglo Baja Corrección de un error de conexión por usar el puerto incorrecto en la cadena de conexión,4
Data Refactorización Media Optimización del tamaño de las imágenes Docker usando versiones de tipo Slim,10
Data Refactorización Media Optimización del tamaño de las imágenes Docker usando compilación multi-etapa,12
Data Desarrollo Alta Configuración de un servidor de bases de datos para el entorno de pruebas unitarias,20
Data Desarrollo Alta Configuración de un servidor de bases de datos para el entorno de integración,22
Data BBDD Arreglo Media Solución de errores al importar un archivo SQL de gran tamaño en la base de datos,9
Data BBDD Arreglo Media Solución de errores al exportar un esquema de base de datos con procedimientos,11
Data Investigación Media Estudio sobre cómo usar Docker Swarm para gestionar varios contenedores,12
Data Investigación Media Estudio sobre cómo usar Kubernetes para gestionar el despliegue de la app,15
Data Documentación Baja Creación de una tabla con las versiones exactas de cada imagen de Docker,4
Data Documentación Baja Creación de una tabla con los usuarios y contraseñas por defecto de la base de datos,3
Data Desarrollo Media Implementación de un script para comprobar si la base de datos está aceptando conexiones,7
Data Desarrollo Media Implementación de un script para comprobar si el servidor web está respondiendo,8
Data BBDD Arreglo Baja Corrección de un error tipográfico en un comentario de la base de datos,2
Data BBDD Arreglo Baja Corrección de un error tipográfico en una etiqueta de la red de Docker,3
Data Refactorización Alta Migración de la configuración de Docker Compose de la versión 2 a la versión 3,14
Data Refactorización Alta Migración de la base de datos local de SQLite a una instancia de MySQL,18
Data Desarrollo Baja Creación de un archivo .gitignore para evitar subir archivos innecesarios al repo,4
Data Desarrollo Baja Creación de un archivo .dockerignore para acelerar la construcción de imágenes,5
Data Arreglo Media Resolución de problemas de espacio en disco al acumularse logs de contenedores antiguos,10
Data Arreglo Media Resolución de problemas de espacio en disco al acumularse volúmenes de Docker huérfanos,12
Data Investigación Media Análisis de por qué la base de datos consume mucha CPU en reposo,8
Data Investigación Media Análisis de por qué el contenedor del frontend tarda tanto en compilar,10
Data Desarrollo Media Configuración de un servidor de logs usando una imagen oficial de ELK Stack,15
Data Desarrollo Media Configuración de un servidor de logs usando una imagen oficial de Graylog,14
Data Arreglo Baja Corrección de error en el script de arranque que no encontraba la variable de entorno DB_HOST,4
Data Arreglo Baja Corrección de error en el script de arranque que no encontraba la variable de entorno DB_PORT,5
Data BBDD Desarrollo Alta Implementación de un proceso de limpieza de logs antiguos en la base de datos,12
Data BBDD Desarrollo Alta Implementación de un proceso de limpieza de sesiones caducadas en la base de datos,10
Data Investigación Media Estudio de la documentación oficial sobre el despliegue de contenedores en Azure,8
Data Investigación Media Estudio de la documentación oficial sobre el despliegue de contenedores en AWS,9
Data Desarrollo Baja Creación de un endpoint en la API para obtener el tiempo de actividad del servidor,4
Data Desarrollo Baja Creación de un endpoint en la API para obtener la carga actual de la base de datos,5
Data Refactorización Media Optimización de los scripts SQL para que usen transacciones en inserciones masivas,11
Data Refactorización Media Optimización de los scripts SQL para que usen procedimientos en lugar de lógica en cliente,12
Data BBDD Arreglo Media Solución de errores de redondeo en campos de tipo DECIMAL de la base de datos,7
Data BBDD Arreglo Media Solución de errores de precisión en campos de tipo FLOAT de la base de datos,6
Data Desarrollo Alta Configuración de un sistema de copias de seguridad en la nube usando la API de Google Drive,25
Data Desarrollo Alta Configuración de un sistema de copias de seguridad en la nube usando la API de Dropbox,24
Backend Documentación Baja Redacción del manual para la gestión de usuarios en la base de datos,5
Backend Documentación Baja Redacción del manual para la gestión de productos en la base de datos,4
Data Desarrollo Media Implementación de una tarea de verificación de integridad de archivos en el servidor,10
Data Desarrollo Media Implementación de una tarea de verificación de integridad de la base de datos,11
Data Arreglo Baja Solución de un problema tipográfico en el nombre de la imagen Docker de producción,3
Data Arreglo Baja Solución de un problema tipográfico en el nombre del volumen Docker de producción,2
Data BBDD Desarrollo Alta Desarrollo de un sistema de auditoría para rastrear quién borra registros,20
Data BBDD Desarrollo Alta Desarrollo de un sistema de auditoría para rastrear quién modifica registros,18
Data Investigación Alta Investigación sobre la implementación de alta disponibilidad en bases de datos,15
Data Investigación Alta Investigación sobre la implementación de balanceo de carga en servidores web,16
Data Refactorización Baja Mejora de la nomenclatura de los contenedores para identificar el entorno (Dev/Prod),4
Data Refactorización Baja Mejora de la nomenclatura de las redes Docker para evitar colisiones con otros proyectos,3
Data Desarrollo Media Creación de un script para exportar las estadísticas de uso a un archivo JSON,13
Data Desarrollo Media Creación de un script para exportar las estadísticas de error a un archivo JSON,12
Data Arreglo Media Resolución de problemas de permisos al intentar ejecutar scripts Bash dentro del contenedor,9
Data Arreglo Media Resolución de problemas de permisos al intentar acceder a los logs desde el anfitrión,8
Data BBDD Desarrollo Baja Creación de un disparador que impida borrar usuarios con saldo pendiente,7
Data BBDD Desarrollo Baja Creación de un disparador que impida borrar productos con stock disponible,6
Data Documentación Baja Registro de la configuración de memoria máxima asignada a cada contenedor,4
Data Documentación Baja Registro de la configuración de CPU máxima asignada a cada servicio,3
Data Desarrollo Media Implementación de un sistema de monitorización que reinicie el contenedor si falla,14
Data Desarrollo Media Implementación de un sistema de monitorización que envíe un ping de salud cada minuto,12
Data BBDD Arreglo Media Reparación de un error en el que los caracteres especiales se guardaban como símbolos raros,8
Data BBDD Arreglo Media Reparación de un error en el que las fechas se guardaban con el año invertido,9
Data Investigación Media Búsqueda de alternativas ligeras a MySQL para entornos de desarrollo con poca RAM,7
Data Investigación Media Búsqueda de alternativas ligeras a Docker Desktop para ordenadores antiguos,10
Data Desarrollo Alta Configuración de un pipeline de integración continua que pase los tests de base de datos,26
Data Desarrollo Alta Configuración de un pipeline de integración continua que verifique la sintaxis de Docker,24
Data Refactorización Media Mejora del rendimiento de la base de datos eliminando tablas temporales que no se usan,9
Data Refactorización Media Mejora del rendimiento de la base de datos ajustando el tamaño del buffer de memoria,10
Data Arreglo Baja Corrección de un problema de red que impedía que el frontend viera al backend en Docker,5
Data Arreglo Baja Corrección de un problema de red que impedía que el backend viera a la base de datos en Docker,4
Data BBDD Desarrollo Media Creación de un reporte SQL que agrupe los errores por tipo y frecuencia,11
Data BBDD Desarrollo Media Creación de un reporte SQL que agrupe las peticiones por hora del día,10
Data Documentación Media Elaboración de una guía sobre cómo escalar el número de contenedores en caso de tráfico,12
Data Documentación Media Elaboración de una guía sobre cómo añadir nuevos nodos a la base de datos,10
Data Desarrollo Alta Implementación de un sistema de logs que rote los archivos cada vez que alcanzan 10MB,18
Data Desarrollo Alta Implementación de un sistema de logs que comprima los archivos antiguos en formato ZIP,20
Data Arreglo Media Solución de problemas al intentar usar volúmenes de Docker en redes compartidas,12
Data Arreglo Media Solución de problemas al intentar usar volúmenes de Docker en discos externos,14
Data BBDD Refactorización Baja Cambio de los nombres de las claves primarias para que todas sigan el patrón id_tabla,5
Data BBDD Refactorización Baja Cambio de los nombres de las claves foráneas para que incluyan el nombre de la tabla origen,6
Data Desarrollo Baja Configuración de un comando de Git que limpie automáticamente las ramas ya fusionadas,4
Data Desarrollo Baja Configuración de un comando de Docker que borre todos los contenedores parados,3
Data Documentación Alta Manual técnico sobre la seguridad de los datos y el cumplimiento de la RGPD,15
Data Documentación Alta Manual técnico sobre la encriptación de las comunicaciones en la infraestructura,14
Data BBDD Arreglo Media Reparación de un fallo en el que las consultas de búsqueda ignoraban las tildes,8
Data BBDD Arreglo Media Reparación de un fallo en el que las consultas de búsqueda fallaban con la letra Ñ,9
Data Investigación Media Estudio sobre el impacto de usar imágenes Docker basadas en Alpine frente a Ubuntu,8
Data Investigación Media Estudio sobre el impacto de usar bases de datos NoSQL para el almacenamiento de logs,10
Data Desarrollo Alta Implementación de un sistema que guarde una captura de la BD antes de cada actualización,22
Data Desarrollo Alta Implementación de un sistema que guarde una captura de la BD antes de borrar datos masivos,20
Data Refactorización Media Optimización del Dockerfile para reducir el tiempo de instalación de dependencias,9
Data Refactorización Media Optimización del Dockerfile para usar variables de entorno en lugar de valores fijos,8
Data Arreglo Baja Corrección de un error de conexión entre Docker y la base de datos por el uso de localhost,5
Data Arreglo Baja Corrección de un error de conexión entre Docker y la base de datos por el uso de la IP local,4
Data BBDD Desarrollo Media Creación de un sistema de etiquetas en SQL para clasificar los registros de error,10
Data BBDD Desarrollo Media Creación de un sistema de etiquetas en SQL para clasificar los registros de usuario,11
Data Documentación Baja Guía rápida para reiniciar el entorno de desarrollo en menos de dos minutos,4
Data Documentación Baja Guía rápida para añadir un nuevo microservicio al archivo Docker Compose,6
Data Desarrollo Alta Implementación de un script que verifique la versión del sistema operativo antes de instalar Docker,12
Data Desarrollo Alta Implementación de un script que verifique el espacio en disco antes de descargar imágenes Docker,10
Data Arreglo Media Reparación de fallos al intentar montar volúmenes en carpetas protegidas del sistema,9
Data Arreglo Media Reparación de fallos al intentar montar volúmenes en carpetas de red sin permisos,11
Data BBDD Refactorización Media Reorganización de los índices de la base de datos para priorizar las tablas más usadas,12
Data BBDD Refactorización Media Reorganización de los índices de la base de datos para eliminar los que son redundantes,10
Data Investigación Baja Búsqueda de recursos online para aprender sobre orquestación de contenedores,5
Data Investigación Baja Búsqueda de foros y comunidades para resolver dudas técnicas sobre Docker y SQL,4
Data Desarrollo Alta Configuración de un sistema de alertas en tiempo real sobre el estado de la infraestructura,28
Data Desarrollo Alta Configuración de un sistema de alertas en tiempo real sobre el consumo de recursos,25
Data Refactorización Baja Limpieza de archivos de configuración duplicados en las diferentes ramas de Git,6
Data Refactorización Baja Limpieza de archivos de log temporales que no se borraron automáticamente,5
Data BBDD Arreglo Baja Corrección de un error en el script de creación de tablas que fallaba en PostgreSQL,7
Data BBDD Arreglo Baja Corrección de un error en el script de creación de tablas que fallaba en MySQL,6
Data Documentación Media Informe de rendimiento final comparando el sistema con y sin el uso de Docker,15
Data Documentación Media Informe de rendimiento final comparando la base de datos con y sin índices,14
Data Desarrollo Baja Creación de un script para descargar todas las imágenes de Docker necesarias de una vez,6
Data Desarrollo Baja Creación de un script para borrar todas las imágenes de Docker que no se están usando,5
Data Arreglo Media Solución de errores al intentar usar el comando docker-compose up en terminales antiguas,7
Data Arreglo Media Solución de errores al intentar usar el comando docker-compose ps en terminales sin color,6
Data BBDD Desarrollo Alta Implementación de una lógica de particionado de tablas por año de registro,22
Data BBDD Desarrollo Alta Implementación de una lógica de particionado de tablas por región de usuario,20
Data Refactorización Media Mejora de la seguridad de la base de datos limitando los privilegios del usuario de la app,12
Data Refactorización Media Mejora de la seguridad de la base de datos forzando el uso de contraseñas seguras,10
Data Investigación Media Estudio de los flujos de trabajo con Git (GitFlow) para la gestión de ramas,8
Data Investigación Media Estudio de los flujos de trabajo con GitHub Flow para la gestión de ramas,7
Data Desarrollo Media Creación de una rama de pre-producción y configuración de reglas de protección,10
Data Desarrollo Media Creación de una rama de desarrollo y configuración de reglas de protección,9
Data Arreglo Baja Resolución de conflictos de fusión en el archivo de configuración del proyecto,5
Data Arreglo Baja Resolución de conflictos de fusión en el archivo de estilos globales,4
Data BBDD Desarrollo Alta Creación de un procedimiento almacenado para la generación de reportes anuales,15
Data BBDD Desarrollo Alta Creación de un procedimiento almacenado para la generación de reportes mensuales,14
Data BBDD Arreglo Media Corrección de una consulta SQL que devolvía duplicados por falta de un DISTINCT,6
Data BBDD Arreglo Media Corrección de una consulta SQL que devolvía datos erróneos por un JOIN mal hecho,8
Data Desarrollo Baja Configuración de un contenedor Docker para una base de datos de pruebas (H2),5
Data Desarrollo Baja Configuración de un contenedor Docker para una base de datos de pruebas (SQLite),4
Data Investigación Alta Investigación sobre el despliegue de contenedores usando Amazon Web Services (AWS),18
Data Investigación Alta Investigación sobre el despliegue de contenedores usando Google Cloud Platform (GCP),20
Data Arreglo Media Reparación de un error en el archivo Docker Compose que impedía el reinicio automático,7
Data Arreglo Media Reparación de un error en el archivo Docker Compose que bloqueaba el puerto 3306,8
Data BBDD Refactorización Media Optimización de la estructura de la tabla de usuarios para mejorar la velocidad,10
Data BBDD Refactorización Media Optimización de la estructura de la tabla de logs para ahorrar espacio,12
Data Documentación Baja Registro de los comandos necesarios para borrar imágenes huérfanas en Docker,3
Data Documentación Baja Registro de los comandos necesarios para limpiar volúmenes antiguos en Docker,4
Data Desarrollo Alta Implementación de un script Bash para monitorizar el uso de CPU del contenedor,14
Data Desarrollo Alta Implementación de un script Bash para monitorizar el uso de RAM del contenedor,15
Data BBDD Arreglo Baja Solución de un problema de longitud de campo en la tabla de descripciones,5
Data BBDD Arreglo Baja Solución de un problema de longitud de campo en la tabla de nombres de archivo,4
Data Investigación Media Aprendizaje sobre el uso de Git Rebase para mantener un historial limpio,9
Data Investigación Media Aprendizaje sobre el uso de Git Merge para integrar cambios de equipo,8
Data Desarrollo Media Configuración de una red tipo bridge en Docker para comunicar los microservicios,10
Data Desarrollo Media Configuración de una red tipo host en Docker para mejorar el rendimiento de red,11
Data BBDD Desarrollo Alta Creación de un disparador para actualizar la fecha de modificación automáticamente,12
Data BBDD Desarrollo Alta Creación de un disparador para actualizar el total de ventas automáticamente,14
Data Arreglo Media Resolución de errores al intentar mapear una carpeta local en un contenedor Linux,9
Data Arreglo Media Resolución de errores al intentar mapear una carpeta local en un contenedor Windows,10
Data Refactorización Baja Actualización de la imagen base de Python en el Dockerfile a la versión más reciente,5
Data Refactorización Baja Actualización de la imagen base de Java en el Dockerfile a la versión más reciente,6
Data Documentación Media Redacción de un manual sobre cómo recuperar la base de datos desde un backup,8
Data Documentación Media Redacción de un manual sobre cómo realizar un backup manual de la base de datos,7
Data Desarrollo Alta Implementación de un contenedor de Nginx como proxy inverso para el servidor API,22
Data Desarrollo Alta Implementación de un contenedor de Nginx como proxy inverso para el servidor Web,20
Data BBDD Arreglo Media Reparación de una restricción de clave foránea que impedía la carga de datos,10
Data BBDD Arreglo Media Reparación de una restricción de clave única que generaba errores en el registro,9
Data Investigación Media Búsqueda de herramientas para monitorizar contenedores Docker en tiempo real,7
Data Investigación Media Búsqueda de herramientas para visualizar el esquema de la base de datos,6
Data Arreglo Baja Corrección de un error de indentación en el archivo docker-compose.prod.yml,3
Data Arreglo Baja Corrección de un error de indentación en el archivo docker-compose.test.yml,2
Data BBDD Desarrollo Baja Creación de una vista para mostrar los usuarios que no han validado su email,8
Data BBDD Desarrollo Baja Creación de una vista para mostrar los productos que no tienen imagen asociada,7
Data Refactorización Media Reducción del número de capas en el Dockerfile para acelerar la construcción,12
Data Refactorización Media Reducción del tamaño de la imagen Docker eliminando archivos temporales,11
Data Desarrollo Alta Configuración de un entorno de staging que replique exactamente la producción,28
Data Desarrollo Alta Configuración de un entorno de desarrollo que incluya herramientas de depuración,25
Data BBDD Arreglo Alta Solución de una corrupción de índices en la tabla principal de movimientos,16
Data BBDD Arreglo Alta Solución de una corrupción de índices en la tabla principal de usuarios,18
Data Documentación Baja Creación de una tabla con los nombres de las imágenes y sus etiquetas (tags),4
Data Documentación Baja Creación de una tabla con las variables de entorno obligatorias y opcionales,5
Data Desarrollo Media Implementación de una tarea cron en el servidor para borrar archivos temporales,10
Data Desarrollo Media Implementación de una tarea cron en el servidor para rotar los archivos de log,12
Data Arreglo Media Reparación de un fallo que impedía que los contenedores se comunicaran por nombre,8
Data Arreglo Media Reparación de un fallo que impedía que la base de datos aceptara conexiones externas,10
Data BBDD Refactorización Baja Cambio del motor de la base de datos de MyISAM a InnoDB para transacciones,6
Data BBDD Refactorización Baja Cambio del motor de la base de datos de MariaDB a MySQL para compatibilidad,7
Data Investigación Baja Estudio de los límites de almacenamiento de los servicios gratuitos de bases de datos,5
Data Investigación Baja Estudio de los límites de transferencia de datos de los servicios de hosting,4
Data Desarrollo Alta Configuración de un sistema de despliegue automático al hacer push a la rama main,24
Data Desarrollo Alta Configuración de un sistema de despliegue automático al crear una nueva etiqueta (tag),22
Data Arreglo Media Resolución de problemas de zona horaria entre el contenedor y el sistema anfitrión,9
Data Arreglo Media Resolución de problemas de codificación UTF-8 entre la API y la base de datos,10
Data BBDD Desarrollo Media Creación de una consulta SQL compleja para el cálculo de comisiones de ventas,14
Data BBDD Desarrollo Media Creación de una consulta SQL compleja para el cálculo de impuestos trimestrales,16
Data Refactorización Baja Mejora del archivo .gitignore para incluir carpetas de configuración de IDEs,3
Data Refactorización Baja Mejora del archivo .dockerignore para excluir la carpeta node_modules,4
Data Documentación Alta Elaboración de un plan de recuperación ante desastres para la infraestructura,15
Data Documentación Alta Elaboración de un plan de mantenimiento preventivo para los servidores,12
Data Desarrollo Media Implementación de un script para comprobar el estado de los servicios cada hora,9
Data Desarrollo Media Implementación de un script para comprobar el espacio libre en disco cada hora,8
Data BBDD Arreglo Baja Corrección de un valor nulo que provocaba errores en los reportes de ventas,5
Data BBDD Arreglo Baja Corrección de un valor nulo que provocaba errores en los perfiles de usuario,6
Data Investigación Media Investigación sobre el uso de volúmenes compartidos entre varios contenedores,10
Data Investigación Media Investigación sobre el uso de redes aisladas para bases de datos sensibles,12
Data Arreglo Alta Solución de un fallo crítico que impedía el acceso a la base de datos por red lenta,15
Data Arreglo Alta Solución de un fallo crítico que cerraba el contenedor por falta de recursos de CPU,18
Data BBDD Desarrollo Alta Diseño de una estructura de base de datos para un sistema de mensajería,25
Data BBDD Desarrollo Alta Diseño de una estructura de base de datos para un sistema de valoraciones,22
Data Refactorización Media Reestructuración del archivo Docker Compose para usar archivos de configuración externos,12
Data Refactorización Media Reestructuración de la base de datos para separar los datos históricos de los actuales,14
Data Desarrollo Baja Configuración de un alias de Git para ver el historial de forma gráfica en consola,3
Data Desarrollo Baja Configuración de un alias de Docker para ver el consumo de recursos rápidamente,4
Data Documentación Media Redacción de una comparativa entre Docker y Kubernetes para la memoria final,10
Data Documentación Media Redacción de una comparativa entre SQL y NoSQL para el caso de uso del proyecto,9
Data BBDD Arreglo Media Reparación de una consulta lenta añadiendo un índice en el campo de fecha,8
Data BBDD Arreglo Media Reparación de una consulta lenta añadiendo un índice en el campo de estado,7
Data Investigación Baja Búsqueda de un servicio de hosting que ofrezca bases de datos SQL gratuitas,5
Data Investigación Baja Búsqueda de un servicio de hosting que permita desplegar contenedores Docker,6
Data Desarrollo Alta Implementación de un sistema de logs que envíe alertas por correo en caso de error,22
Data Desarrollo Alta Implementación de un sistema de logs que guarde los errores críticos en una tabla de BD,20
Data Investigación Baja Búsqueda de documentación sobre cómo actualizar la versión de Docker Desktop sin perder contenedores,4
Data Arreglo Media Solución de un error de sincronización entre el reloj del contenedor y el del sistema anfitrión,6
Data BBDD Desarrollo Media Creación de una consulta SQL para identificar y eliminar usuarios con correos duplicados,9
Data BBDD Desarrollo Media Creación de una consulta SQL para identificar y eliminar productos con referencias duplicadas,8
Data Refactorización Baja Limpieza de variables de entorno obsoletas en el archivo de configuración global,3
Mobile Investigación Baja Instalación de Android Studio y configuración del SDK para la versión de Android 13,8
Mobile Investigación Baja Instalación de Android Studio y configuración del SDK para la versión de Android 14,9
Mobile Desarrollo Baja Creación de un proyecto base en Kotlin con una Activity vacía (Empty Views Activity),5
Mobile Desarrollo Baja Creación de un proyecto base en Java con una Activity vacía (Empty Views Activity),6
Mobile Investigación Media Estudio del ciclo de vida de una Activity (onCreate onStart onResume),7
Mobile Desarrollo Media Diseño de un Layout XML simple con campos de texto y un botón de login,10
Mobile Desarrollo Media Diseño de un Layout XML simple con campos de texto y un botón de registro,11
Mobile Arreglo Baja Corrección de un error de compilación por una ID duplicada en el archivo XML de la vista,3
Mobile Arreglo Baja Corrección de un error de compilación por falta de un cierre de etiqueta en el XML,2
Mobile Desarrollo Alta Implementación de la lógica de navegación entre la pantalla de inicio y el perfil,15
Mobile Desarrollo Alta Implementación de la lógica de navegación entre la pantalla de inicio y los ajustes,14
Mobile Investigación Media Aprendizaje sobre el uso de ViewBinding para acceder a los elementos de la vista,8
Mobile Refactorización Media Sustitución de findViewById por el uso de ViewBinding en la Activity principal,10
Mobile Arreglo Media Solución de un error de cierre inesperado (Crash) al pulsar un botón sin listener,6
Mobile Arreglo Media Solución de un error de cierre inesperado (Crash) al intentar acceder a un objeto nulo,7
Mobile Desarrollo Media Creación de un componente de lista simple usando un ListView para mostrar nombres,12
Mobile Desarrollo Media Creación de un componente de lista simple usando un ListView para mostrar categorías,13
Mobile Investigación Baja Configuración de un emulador (AVD) para probar la app en diferentes tamaños de pantalla,5
Mobile Investigación Baja Configuración de un dispositivo físico mediante USB para depurar la aplicación,4
Testing Investigación Media Lectura sobre los fundamentos de las pruebas unitarias y el uso de JUnit,6
Testing Desarrollo Media Creación de la primera prueba unitaria para validar una función de suma simple,5
Testing Desarrollo Media Creación de la primera prueba unitaria para validar una función de resta simple,4
Testing Arreglo Baja Corrección de un test que fallaba por no haber inicializado la clase necesaria,3
Mobile Desarrollo Alta Implementación de una petición simple a una API externa usando la librería Retrofit,22
Mobile Desarrollo Alta Implementación de una petición simple a una API externa usando la librería Volley,20
Mobile Investigación Media Búsqueda de información sobre cómo manejar permisos de cámara en Android,9
Mobile Desarrollo Media Creación de un cuadro de diálogo (AlertDialog) para confirmar el borrado de datos,7
Mobile Desarrollo Media Creación de un cuadro de diálogo (AlertDialog) para confirmar el cierre de sesión,6
Mobile Arreglo Media Reparación de un error donde la app se reiniciaba al girar la pantalla del móvil,10
Mobile Arreglo Media Reparación de un error donde los datos del formulario se perdían al girar el móvil,12
Mobile Refactorización Baja Cambio de los textos fijos en el código por referencias al archivo strings.xml,5
Mobile Refactorización Baja Cambio de los colores fijos en el código por referencias al archivo colors.xml,4
Mobile Desarrollo Alta Diseño de una interfaz personalizada usando ConstraintLayout para mejorar el diseño,18
Mobile Desarrollo Alta Diseño de una interfaz personalizada usando LinearLayout para mejorar el diseño,15
Testing Investigación Media Estudio de cómo usar la librería Mockito para simular datos en las pruebas,10
Testing Desarrollo Alta Creación de una prueba unitaria que simule la respuesta de una base de datos,14
Testing Desarrollo Alta Creación de una prueba unitaria que simule la respuesta de una API externa,16
Mobile Arreglo Baja Corrección del tamaño de los iconos que se veían pixelados en el menú lateral,4
Mobile Arreglo Baja Corrección del margen de los botones que se solapaban en pantallas pequeñas,5
Mobile Desarrollo Media Implementación de un Toast para mostrar mensajes de éxito al usuario,3
Mobile Desarrollo Media Implementación de una SnackBar para mostrar mensajes de advertencia al usuario,4
Mobile Investigación Alta Investigación sobre cómo guardar datos simples usando SharedPreferences,10
Mobile Desarrollo Alta Creación de una pantalla de ajustes que guarde el nombre del usuario localmente,14
Mobile Desarrollo Alta Creación de una pantalla de ajustes que guarde el idioma elegido localmente,12
Mobile Arreglo Media Solución de errores de red (NetworkOnMainThreadException) al llamar a la API,9
Mobile Arreglo Media Solución de errores de permisos al intentar acceder a internet desde la app,7
Mobile Refactorización Media Organización de las clases en paquetes según su funcionalidad (ui data model),8
Testing Desarrollo Media Creación de un test para verificar que el email introducido tiene un formato válido,6
Testing Desarrollo Media Creación de un test para verificar que la contraseña introducida es segura,7
Mobile Desarrollo Baja Inserción de una imagen en la pantalla de bienvenida usando un ImageView,4
Mobile Desarrollo Baja Inserción de un logotipo en la barra superior usando la propiedad Action Bar,5
Mobile Investigación Media Aprendizaje sobre el uso de Intent para pasar datos entre pantallas,8
Mobile Desarrollo Media Implementación de un Intent para enviar el nombre del usuario a la segunda pantalla,9
Mobile Desarrollo Media Implementación de un Intent para enviar el ID del producto a la pantalla de detalle,10
Mobile Arreglo Baja Corrección de un error visual donde el texto se cortaba en pantallas estrechas,4
Mobile Arreglo Baja Corrección de un error visual donde el botón no cambiaba de color al ser pulsado,3
Testing Investigación Alta Estudio de las pruebas de interfaz de usuario con la herramienta Espresso,12
Testing Desarrollo Alta Creación de un test de interfaz que escriba en el login y pulse el botón,18
Testing Desarrollo Alta Creación de un test de interfaz que verifique que aparece un mensaje de error,15
Mobile Refactorización Media Mejora de la legibilidad de los archivos XML añadiendo comentarios informativos,5
Mobile Refactorización Media Mejora de la legibilidad del código Kotlin usando funciones de extensión,8
Mobile Desarrollo Alta Creación de un RecyclerView para mostrar una lista de productos con imagen y texto,25
Mobile Desarrollo Alta Creación de un RecyclerView para mostrar una lista de contactos con imagen y texto,22
Mobile Investigación Baja Búsqueda de librerías para cargar imágenes desde una URL (Glide o Picasso),6
Mobile Desarrollo Media Implementación de la carga de imágenes en la lista usando la librería Glide,10
Mobile Desarrollo Media Implementación de la carga de imágenes en la lista usando la librería Picasso,9
Mobile Arreglo Media Solución de problemas de memoria al cargar muchas imágenes de alta resolución,14
Mobile Arreglo Media Solución de problemas de lentitud al hacer scroll en una lista muy larga,12
Testing Arreglo Media Corrección de una prueba que daba un falso positivo por una aserción mal escrita,6
Testing Arreglo Media Corrección de una prueba que fallaba aleatoriamente por problemas de tiempo,8
Mobile Desarrollo Baja Configuración de un icono personalizado para la aplicación (Launcher Icon),4
Mobile Desarrollo Baja Configuración de un color de fondo diferente para el modo noche de la app,6
Mobile Investigación Media Estudio de los componentes de Material Design para mejorar la estética,9
Mobile Desarrollo Media Aplicación de un botón flotante (Floating Action Button) para añadir elementos,7
Mobile Desarrollo Media Aplicación de una barra de navegación inferior (Bottom Navigation) con 3 iconos,12
Mobile Arreglo Baja Corrección de la posición del teclado que tapaba el campo de entrada de texto,8
Mobile Arreglo Baja Corrección de la visibilidad de los botones en dispositivos con "Notch" o ceja,6
Mobile Refactorización Alta Migración de la lógica de negocio desde la Activity a una clase ViewModel,20
Mobile Refactorización Alta Migración de la lógica de negocio desde la Activity a una clase Presenter,18
Testing Documentación Baja Redacción de una lista de casos de prueba manuales para la pantalla de login,5
Testing Documentación Baja Redacción de una lista de casos de prueba manuales para el carrito de compra,6
Mobile Desarrollo Alta Implementación de un sistema de filtrado en tiempo real dentro de un RecyclerView,18
Mobile Desarrollo Alta Implementación de un sistema de ordenación (A-Z) dentro de un RecyclerView,15
Mobile Investigación Media Búsqueda de iconos gratuitos y vectoriales para la interfaz de la app,4
Mobile Desarrollo Media Creación de una pantalla de "Acerca de" con enlaces a redes sociales,6
Mobile Desarrollo Media Creación de una pantalla de "Ayuda" con preguntas frecuentes expandibles,8
Mobile Arreglo Media Solución de un bug donde la app se cerraba al intentar abrir la cámara sin permiso,9
Mobile Arreglo Media Solución de un bug donde la app no mostraba la imagen seleccionada de la galería,10
Testing Desarrollo Media Creación de una prueba unitaria para validar el cálculo del precio con IVA,7
Testing Desarrollo Media Creación de una prueba unitaria para validar el cálculo de los gastos de envío,6
Mobile Refactorización Baja Eliminación de recursos de imagen que no se usan para reducir el tamaño del APK,5
Mobile Refactorización Baja Eliminación de dependencias obsoletas en el archivo build.gradle,4
Mobile Desarrollo Alta Configuración de una base de datos local usando la librería Room,28
Mobile Desarrollo Alta Configuración de una base de datos local usando la librería SQLiteOpenHelper,22
Mobile Investigación Alta Estudio de cómo integrar mapas de Google Maps dentro de un Fragment,15
Mobile Desarrollo Media Creación de un Fragment para mostrar la ubicación de la tienda física,12
Mobile Desarrollo Media Creación de un Fragment para mostrar el formulario de contacto técnico,10
Mobile Arreglo Baja Corrección de un error en el que el botón de "Atrás" cerraba la app en lugar de volver,6
Mobile Arreglo Baja Corrección de un error en el que el título de la pantalla no se actualizaba al navegar,3
Testing Documentación Media Informe de los errores detectados durante las pruebas beta de la aplicación,10
Mobile Desarrollo Media Implementación de una barra de carga (ProgressBar) mientras se obtienen datos de la API,8
Mobile Desarrollo Media Implementación de un círculo de carga (ProgressDialog) mientras se envían datos al servidor,7
Mobile Arreglo Media Solución de errores de visualización de imágenes cuando la URL es inválida,6
Mobile Arreglo Media Solución de errores de visualización de imágenes cuando no hay conexión a internet,5
Mobile Desarrollo Alta Configuración de un servicio de notificaciones locales para avisar de tareas pendientes,18
Mobile Desarrollo Alta Configuración de un servicio de notificaciones locales para avisar de mensajes nuevos,20
Mobile Investigación Media Estudio sobre cómo utilizar el sensor de acelerómetro para detectar movimiento,9
Mobile Investigación Media Estudio sobre cómo utilizar el sensor de proximidad para apagar la pantalla,8
Mobile Desarrollo Media Creación de un botón que vibre al realizar una acción importante,4
Mobile Desarrollo Media Creación de un botón que emita un sonido corto al ser pulsado,5
Mobile Arreglo Baja Corrección del color de los iconos de la barra de estado para que sean legibles,3
Mobile Arreglo Baja Corrección del color de la barra de navegación para que combine con el tema,2
Mobile Desarrollo Alta Implementación de un buscador que filtre la lista de elementos según se escribe,15
Mobile Desarrollo Alta Implementación de un buscador que resalte las coincidencias en la lista de resultados,16
Mobile Investigación Alta Aprendizaje sobre el uso de corrutinas en Kotlin para tareas en segundo plano,12
Mobile Investigación Alta Aprendizaje sobre el uso de hilos (Threads) en Java para tareas en segundo plano,10
Testing Desarrollo Media Creación de un test unitario para validar el formato de una fecha en la app,7
Testing Desarrollo Media Creación de un test unitario para validar el formato de un número de teléfono,6
Testing Arreglo Media Reparación de un test que fallaba al ejecutarlo en dispositivos con idioma inglés,5
Testing Arreglo Media Reparación de un test que fallaba por la diferencia de zona horaria del sistema,6
Mobile Desarrollo Media Implementación de un sistema de "tirar para refrescar" (SwipeRefreshLayout) en la lista,12
Mobile Desarrollo Media Implementación de un sistema de scroll infinito para cargar más datos automáticamente,14
Mobile Arreglo Media Solución de un error donde la app consumía demasiada batería en segundo plano,15
Mobile Arreglo Media Solución de un error donde la app mantenía el GPS encendido innecesariamente,12
Mobile Refactorización Baja Limpieza de recursos de audio que ya no se utilizan en el proyecto,4
Mobile Refactorización Baja Limpieza de traducciones obsoletas en el archivo de strings internacional,5
Mobile Desarrollo Alta Integración de un mapa interactivo que muestre la posición actual del usuario,22
Mobile Desarrollo Alta Integración de un mapa interactivo que permita marcar puntos de interés,24
Mobile Investigación Media Búsqueda de librerías para generar códigos QR dentro de la aplicación,8
Mobile Desarrollo Media Implementación de un generador de códigos QR para compartir el perfil de usuario,10
Mobile Desarrollo Media Implementación de un lector de códigos QR usando la cámara del dispositivo,15
Mobile Arreglo Media Reparación de un bug donde la cámara se veía estirada en ciertos modelos de móvil,9
Mobile Arreglo Media Reparación de un bug donde la cámara no enfocaba correctamente en distancias cortas,10
Testing Investigación Media Lectura sobre cómo realizar pruebas de estrés (Load Testing) en la app móvil,8
Testing Desarrollo Alta Realización de una prueba de carga simulando 1000 peticiones rápidas a la API,12
Testing Desarrollo Alta Realización de una prueba de carga simulando el uso intensivo de la memoria RAM,14
Mobile Arreglo Baja Corrección de un desfase visual en las tarjetas de la lista (CardView),4
Mobile Arreglo Baja Corrección de la elevación de las sombras en los botones de la interfaz,3
Mobile Desarrollo Media Implementación de una pantalla de introducción con un carrusel de imágenes (Onboarding),14
Mobile Desarrollo Media Implementación de una pantalla de introducción con vídeos cortos explicativos,18
Mobile Investigación Alta Estudio sobre la arquitectura MVVM (Model-View-ViewModel) en Android,15
Mobile Refactorización Alta Migración de la lógica de la pantalla de perfil al patrón MVVM,20
Mobile Refactorización Alta Migración de la lógica de la pantalla de carrito al patrón MVVM,22
Mobile Desarrollo Baja Añadir un interruptor (Switch) para activar o desactivar el modo oscuro,6
Mobile Desarrollo Baja Añadir un interruptor (Switch) para activar o desactivar las notificaciones,5
Testing Documentación Media Redacción de un informe sobre los fallos encontrados en la interfaz (UI Bugs),8
Testing Documentación Media Redacción de un informe sobre el rendimiento de la app en móviles antiguos,10
Mobile Desarrollo Alta Implementación de un sistema de login con Google usando Firebase Auth,25
Mobile Desarrollo Alta Implementación de un sistema de login con Facebook usando Firebase Auth,28
Mobile Arreglo Media Solución de problemas al intentar subir imágenes pesadas desde la galería,12
Mobile Arreglo Media Solución de problemas al intentar recortar imágenes antes de subirlas,10
Mobile Refactorización Media Unificación de los estilos de los cuadros de texto (EditText) en toda la app,7
Mobile Refactorización Media Unificación de los estilos de los botones (Button) en toda la app,8
Testing Desarrollo Media Creación de un test para verificar que el usuario no puede entrar sin contraseña,5
Testing Desarrollo Media Creación de un test para verificar que el usuario no puede entrar con email inválido,6
Mobile Desarrollo Baja Personalización de la fuente de texto usando una fuente externa de Google Fonts,5
Mobile Desarrollo Baja Personalización del grosor de las líneas en los gráficos de la aplicación,4
Mobile Investigación Media Búsqueda de métodos para reducir el tamaño final del archivo APK,7
Mobile Desarrollo Media Configuración de ProGuard para proteger el código y reducir el tamaño de la app,12
Mobile Desarrollo Media Configuración de R8 para optimizar el código fuente antes de la publicación,10
Mobile Arreglo Baja Corrección de un error donde el teclado no se ocultaba tras pulsar "Enviar",5
Mobile Arreglo Baja Corrección de un error donde el foco del texto saltaba al campo incorrecto,4
Testing Investigación Alta Aprendizaje sobre las pruebas de regresión para asegurar que lo nuevo no rompe lo viejo,10
Testing Desarrollo Alta Ejecución de una batería completa de pruebas tras una actualización importante,18
Testing Desarrollo Alta Ejecución de pruebas de compatibilidad en 5 versiones diferentes de Android,20
Mobile Refactorización Baja Renombrado de las variables en los archivos XML para mayor claridad,4
Mobile Refactorización Baja Renombrado de los archivos de imagen para seguir una convención estándar,3
Mobile Desarrollo Alta Implementación de una base de datos local cifrada para datos sensibles,25
Mobile Desarrollo Alta Implementación de un sistema de biometría (huella dactilar) para el acceso,22
Mobile Investigación Baja Estudio sobre cómo integrar anuncios básicos usando la plataforma AdMob,10
Mobile Desarrollo Media Inserción de un banner publicitario en la parte inferior de la pantalla principal,8
Mobile Desarrollo Media Inserción de un anuncio a pantalla completa al terminar una acción,12
Mobile Arreglo Media Reparación de errores al intentar reproducir vídeos desde una URL externa,14
Mobile Arreglo Media Reparación de errores al intentar reproducir audios en segundo plano,12
Testing Documentación Baja Registro de los dispositivos y versiones donde la app funciona correctamente,5
Testing Documentación Baja Registro de los fallos conocidos que se corregirán en la siguiente versión,4
Mobile Desarrollo Alta Creación de un widget para la pantalla de inicio del móvil que muestre datos clave,20
Mobile Desarrollo Alta Creación de un acceso directo (Shortcuts) al mantener pulsado el icono de la app,15
Mobile Investigación Media Búsqueda de plantillas de diseño para mejorar la experiencia de usuario (UX),6
Mobile Desarrollo Media Aplicación de animaciones de transición suaves entre las diferentes pantallas,12
Mobile Desarrollo Media Aplicación de animaciones al cargar los elementos de una lista,10
Mobile Arreglo Media Solución de un crash al intentar abrir un enlace externo en el navegador,7
Mobile Arreglo Media Solución de un crash al intentar compartir un texto en redes sociales,8
Testing Desarrollo Media Creación de una prueba para verificar que el carrito calcula bien los descuentos,9
Testing Desarrollo Media Creación de una prueba para verificar que el carrito suma bien los productos,8
Mobile Refactorización Media Mejora del rendimiento de las consultas a la base de datos local Room,14
Mobile Refactorización Media Mejora del rendimiento de la carga de listas usando DiffUtil en RecyclerView,12
Mobile Desarrollo Baja Inclusión de un selector de archivos para que el usuario suba su CV,8
Mobile Desarrollo Baja Inclusión de un selector de fechas para que el usuario ponga su nacimiento,6
Mobile Arreglo Baja Corrección de la alineación del texto en idiomas que se leen de derecha a izquierda,10
Mobile Arreglo Baja Corrección de la visualización de la app en tablets (ajuste de columnas),12
Testing Documentación Alta Manual técnico de cómo ejecutar todas las pruebas automáticas del proyecto,15
Testing Documentación Alta Informe final de calidad con el porcentaje de código cubierto por tests,12
Mobile Desarrollo Media Implementación de una lógica para detectar si el móvil tiene conexión o no,7
Mobile Desarrollo Media Implementación de un modo "Fuera de línea" (Offline) con datos cacheados,18
Mobile Arreglo Media Solución de un bug donde la app se congelaba al recibir una llamada telefónica,10
Mobile Arreglo Media Solución de un bug donde la app perdía el progreso si se cerraba repentinamente,14
Mobile Refactorización Baja Eliminación de logs de depuración (Log.d) antes de generar la versión final,4
Mobile Refactorización Baja Eliminación de clases de prueba que no deben estar en la versión de producción,3
Mobile Investigación Media Estudio de los requisitos de Google para publicar una app en la Play Store,6
Mobile Investigación Media Estudio de las políticas de privacidad necesarias para la tienda de aplicaciones,5
Mobile Desarrollo Alta Generación de un almacén de claves (KeyStore) para firmar la aplicación,8
Mobile Desarrollo Alta Configuración de la firma de la app en modo release dentro de build.gradle,10
Mobile Arreglo Baja Corrección de errores en los iconos adaptativos para que se vean bien en Android 14,4
Mobile Arreglo Baja Corrección de errores en los iconos adaptativos para que se vean bien en Android 13,3
Mobile Desarrollo Media Creación de capturas de pantalla promocionales para la ficha de la tienda,6
Mobile Desarrollo Media Creación de una descripción detallada y palabras clave para el SEO de la app,5
Mobile Investigación Alta Aprendizaje sobre cómo usar Google Play Console para subir el archivo AAB,12
Mobile Desarrollo Alta Subida de la primera versión Alpha a Google Play Console para pruebas internas,15
Testing Desarrollo Media Realización de pruebas de "Caja Negra" para validar las funciones principales,10
Testing Desarrollo Media Realización de pruebas de "Caja Blanca" para verificar la lógica interna del código,12
Testing Arreglo Media Solución de un fallo detectado por un usuario externo en la pantalla de cobro,9
Testing Arreglo Media Solución de un fallo detectado por un usuario externo en la pantalla de envío,8
Mobile Refactorización Baja Optimización del archivo manifest para eliminar permisos innecesarios,4
Mobile Refactorización Baja Optimización del archivo manifest para añadir soporte a pantallas grandes,5
Mobile Desarrollo Alta Implementación de un sistema de actualización obligatoria desde la app,20
Mobile Desarrollo Alta Implementación de un sistema de aviso de nueva versión disponible (opcional),18
Mobile Investigación Media Búsqueda de herramientas para analizar el comportamiento del usuario (Analytics),7
Mobile Desarrollo Media Integración de Firebase Analytics para medir el uso de las pantallas,10
Mobile Desarrollo Media Integración de Firebase Crashlytics para recibir reportes de errores en tiempo real,12
Mobile Arreglo Media Reparación de un error en el que los eventos de Analytics no se enviaban,6
Mobile Arreglo Media Reparación de un error en el que el reporte de fallos no incluía el log del sistema,7
Testing Investigación Media Lectura sobre las pruebas de aceptación de usuario (UAT) y su importancia,8
Testing Desarrollo Alta Ejecución de una sesión de pruebas con usuarios reales para feedback,15
Testing Desarrollo Alta Ejecución de una sesión de pruebas con el tutor del proyecto para feedback,14
Mobile Arreglo Baja Corrección de errores ortográficos en los diálogos de confirmación de la app,2
Mobile Arreglo Baja Corrección de errores ortográficos en los términos y condiciones de la app,3
Mobile Desarrollo Media Implementación de una función para que el usuario valore la app en la tienda,8
Mobile Desarrollo Media Implementación de una función para enviar sugerencias desde dentro de la app,10
Mobile Refactorización Alta Reestructuración de los recursos gráficos para soportar el modo noche total,12
Mobile Refactorización Alta Reestructuración de los estilos para soportar temas dinámicos (Material You),15
Mobile Investigación Baja Búsqueda de servicios para traducir la aplicación a otros idiomas,4
Mobile Desarrollo Media Traducción de la interfaz de la aplicación al inglés usando archivos XML,10
Mobile Desarrollo Media Traducción de la interfaz de la aplicación al francés usando archivos XML,12
Mobile Arreglo Media Solución de problemas de diseño cuando el texto traducido es más largo que el original,8
Mobile Arreglo Media Solución de problemas de diseño cuando el texto traducido usa caracteres especiales,7
Testing Desarrollo Media Creación de un test para verificar que la app arranca en menos de 2 segundos,9
Testing Desarrollo Media Creación de un test para verificar que la app consume menos de 100MB de RAM,10
Mobile Desarrollo Alta Configuración de Deep Linking para abrir la app desde un enlace web,18
Mobile Desarrollo Alta Configuración de App Links para verificar el dominio y abrir la app directamente,20
Mobile Investigación Media Estudio sobre cómo integrar pagos mediante Google Pay en la aplicación,12
Mobile Arreglo Baja Corrección de un parpadeo visual al cambiar entre Fragments de la app,5
Mobile Arreglo Baja Corrección de un parpadeo visual al cargar imágenes pesadas en la lista,4
Testing Documentación Media Redacción de la matriz de pruebas con todos los casos ejecutados y su resultado,10
Testing Documentación Media Redacción del informe de cobertura de código tras finalizar los tests unitarios,8
Mobile Desarrollo Media Creación de un sistema de caché para que la app funcione sin internet (Offline),22
Mobile Desarrollo Media Creación de un sistema de sincronización de datos al recuperar la conexión,25
Mobile Arreglo Alta Reparación de un fallo crítico que borraba la base de datos al actualizar la versión,15
Mobile Arreglo Alta Reparación de un fallo crítico que duplicaba las notificaciones al recibir un mensaje,12
Mobile Refactorización Baja Simplificación del código de los adaptadores de las listas (RecyclerView),6
Mobile Refactorización Baja Simplificación del código de los controladores de navegación (NavHost),5
Mobile Desarrollo Media Implementación de un buscador de voz usando el reconocimiento de Google,15
Mobile Desarrollo Media Implementación de un lector de texto (Text-to-Speech) para accesibilidad,12
Mobile Investigación Alta Investigación sobre el uso de animaciones avanzadas con la librería Lottie,10
Mobile Desarrollo Media Inclusión de una animación Lottie para la pantalla de carga del sistema,7
Mobile Desarrollo Media Inclusión de una animación Lottie para celebrar un éxito en la aplicación,6
Mobile Arreglo Media Solución de un error donde la app no detectaba correctamente el cambio de red (WiFi/4G),9
Mobile Arreglo Media Solución de un error donde la app se cerraba al intentar compartir una imagen por WhatsApp,10
Testing Desarrollo Baja Comprobación manual de que los enlaces externos de la app funcionan,3
Testing Desarrollo Baja Comprobación manual de que los botones de redes sociales abren su app respectiva,2
Mobile Desarrollo Alta Implementación de un sistema de autenticación biométrica (reconocimiento facial),25
Mobile Desarrollo Alta Implementación de un sistema de autenticación biométrica (huella dactilar),22
Mobile Investigación Media Búsqueda de librerías para mostrar gráficos de barras y tartas en Android,7
Mobile Desarrollo Media Creación de un gráfico de barras para mostrar las ventas del último mes,12
Mobile Desarrollo Media Creación de un gráfico de tarta para mostrar el porcentaje de stock por categoría,14
Mobile Arreglo Media Reparación de un bug donde los gráficos no se actualizaban al cambiar los datos,8
Mobile Arreglo Media Reparación de un bug donde las etiquetas de los gráficos se solapaban entre sí,7
Testing Documentación Baja Registro de la duración de la batería durante el uso intensivo de la app,6
Testing Documentación Baja Registro del calentamiento del dispositivo durante el uso intensivo de la app,5
Mobile Refactorización Media Mejora de la seguridad ocultando la API Key en el archivo local.properties,10
Mobile Refactorización Media Mejora de la seguridad ofuscando el código fuente con R8 en modo avanzado,12
Mobile Desarrollo Baja Configuración de un mensaje de bienvenida personalizado según la hora del día,4
Mobile Desarrollo Baja Configuración de un mensaje de despedida que incluya un resumen de la sesión,5
Mobile Investigación Media Estudio de cómo usar Fragments para mejorar la interfaz en pantallas de tablets,10
Mobile Desarrollo Alta Diseño de una interfaz de "doble panel" para tablets usando Fragments,20
Mobile Desarrollo Alta Diseño de una interfaz adaptativa para dispositivos plegables (Foldables),22
Mobile Arreglo Baja Corrección de la posición del icono de búsqueda que estaba descentrado,3
Mobile Arreglo Baja Corrección de la posición del logo que se cortaba en pantallas circulares (Smartwatch),5
Testing Desarrollo Media Realización de una prueba de rendimiento para medir el consumo de datos móviles,8
Testing Desarrollo Media Realización de una prueba de rendimiento para medir el tiempo de respuesta de la API,7
Mobile Desarrollo Alta Implementación de un sistema de mensajería instantánea mediante WebSockets,30
Mobile Desarrollo Alta Implementación de un sistema de chat persistente guardando mensajes en Room,28
Mobile Investigación Media Investigación sobre cómo integrar mapas de calor para analizar la interfaz,10
Mobile Arreglo Media Solución de un error donde la app no recordaba el idioma tras cerrarla,6
Mobile Arreglo Media Solución de un error donde la app no recordaba el modo oscuro tras cerrarla,5
Testing Documentación Alta Manual técnico de mantenimiento para la próxima versión de la aplicación,12
Testing Documentación Alta Informe final de estabilidad basado en los datos de Firebase Crashlytics,10
Mobile Desarrollo Baja Inserción de un botón para borrar el historial de búsquedas recientes,4
Mobile Desarrollo Baja Inserción de un botón para vaciar la caché de imágenes de la aplicación,3
Mobile Refactorización Media Eliminación de código repetido en los métodos de validación de entradas,7
Mobile Refactorización Media Eliminación de código repetido en los métodos de formateo de moneda,6
Mobile Desarrollo Media Creación de un filtro para la lista que permita buscar por rango de precios,10
Mobile Desarrollo Media Creación de un filtro para la lista que permita buscar por valoración de usuarios,12
Mobile Arreglo Media Reparación de un fallo en el que el teclado bloqueaba la visibilidad del botón Enviar,9
Mobile Arreglo Media Reparación de un fallo en el que el teclado no se cerraba automáticamente al terminar,8
Mobile Investigación Baja Búsqueda de sonidos de notificación gratuitos para la aplicación,3
Mobile Desarrollo Media Configuración de un sonido de notificación personalizado para los mensajes,5
Mobile Desarrollo Media Configuración de un patrón de vibración personalizado para las alertas,4
Mobile Arreglo Baja Corrección de un error visual en el degradado del fondo de la pantalla de inicio,3
Mobile Desarrollo Media Configuración de un sistema de "Deep Links" para abrir la app desde un código QR,10
Mobile Desarrollo Media Configuración de un sistema de "App Links" para verificar la propiedad del dominio web,12
Mobile Arreglo Baja Corrección de un error donde el botón de retroceso cerraba la app en lugar de ir al menú,4
Mobile Arreglo Baja Corrección de un error donde el botón de retroceso no funcionaba en el navegador interno,5
Mobile Desarrollo Alta Implementación de un sistema de pago con tarjeta usando un SDK simulado,22
Mobile Desarrollo Alta Implementación de un sistema de pago mediante transferencia usando un SDK simulado,20
Mobile Investigación Media Estudio sobre las pautas de accesibilidad WCAG para aplicaciones móviles,6
Mobile Desarrollo Media Ajuste del contraste de colores en toda la interfaz para cumplir con accesibilidad,8
Mobile Desarrollo Media Implementación de etiquetas de voz para que TalkBack lea correctamente la app,10
Mobile Arreglo Media Reparación de un error donde el tamaño de fuente grande rompía el diseño del menú,7
Mobile Arreglo Media Reparación de un error donde los botones eran demasiado pequeños para pulsar con facilidad,6
Testing Desarrollo Alta Realización de una prueba de regresión completa tras actualizar las librerías,15
Testing Desarrollo Alta Realización de una prueba de regresión tras cambiar el sistema de base de datos,18
Testing Arreglo Media Solución de una prueba unitaria que fallaba debido a una zona horaria incorrecta,5
Testing Arreglo Media Solución de una prueba unitaria que fallaba por falta de memoria en el emulador,6
Mobile Refactorización Baja Limpieza de recursos de imagen antiguos para reducir el peso del instalador,4
Mobile Refactorización Baja Limpieza de dependencias duplicadas en el archivo de configuración de Gradle,3
Mobile Desarrollo Alta Desarrollo de una pantalla de estadísticas con gráficos animados de rendimiento,18
Mobile Desarrollo Alta Desarrollo de una pantalla de historial con filtros avanzados por categoría y fecha,16
Mobile Investigación Baja Búsqueda de librerías para exportar datos de la app a un archivo PDF,7
Mobile Desarrollo Media Implementación de una función para descargar el resumen de usuario en PDF,14
Mobile Desarrollo Media Implementación de una función para descargar el ticket de compra en PDF,12
Mobile Arreglo Media Corrección de un bug donde las imágenes de la galería se subían rotadas,9
Mobile Arreglo Media Corrección de un bug donde la previsualización de la cámara se quedaba en negro,11
Testing Documentación Media Redacción del informe de errores corregidos durante la fase de desarrollo,8
Testing Documentación Media Redacción del informe de riesgos técnicos identificados para el futuro,7
Mobile Desarrollo Baja Inserción de un interruptor para activar el modo de ahorro de datos en la app,5
Mobile Desarrollo Baja Inserción de un interruptor para activar el modo de vibración en las alertas,4
Mobile Investigación Alta Análisis de la competencia para mejorar la experiencia de usuario (UX) de la app,12
Mobile Desarrollo Alta Rediseño de la pantalla de inicio basado en los resultados del análisis UX,20
Mobile Desarrollo Alta Rediseño de la pantalla de detalles basado en los resultados del análisis UX,18
Mobile Arreglo Baja Solución de un problema visual donde el logo se veía deformado en horizontal,3
Mobile Arreglo Baja Solución de un problema visual donde el texto de los botones no estaba centrado,2
Testing Desarrollo Media Prueba de la aplicación en 3 dispositivos físicos con diferentes resoluciones,9
Testing Desarrollo Media Prueba de la aplicación en 3 versiones diferentes de Android (11 12 y 13),10
Mobile Refactorización Media Centralización de los mensajes de error en un único archivo de configuración,6
Mobile Refactorización Media Centralización de las URLs de la API en una clase de constantes global,5
Mobile Desarrollo Media Implementación de un sistema de "favoritos" que se sincronice con el backend,12
Mobile Desarrollo Media Implementación de un sistema de "notificaciones leídas" que se guarde en local,10
Mobile Arreglo Media Reparación de un fallo que impedía cerrar sesión si no había conexión a internet,8
Mobile Arreglo Media Reparación de un fallo que duplicaba los elementos de la lista al recargar,7
Mobile Investigación Media Búsqueda de un sistema de gestión de licencias para las librerías externas,5
Mobile Desarrollo Baja Creación de una pantalla de "Avisos Legales" con todas las licencias usadas,6
Mobile Desarrollo Baja Creación de una pantalla de "Créditos" con el nombre de los desarrolladores,4
Testing Documentación Alta Creación del manual de usuario final con capturas de pantalla de la app,12
Testing Documentación Alta Creación del manual técnico con la explicación de la arquitectura móvil,14
Mobile Desarrollo Alta Implementación de un sistema de autocompletado en la barra de búsqueda,15
Mobile Desarrollo Alta Implementación de un sistema de sugerencias basadas en búsquedas anteriores,14
Mobile Arreglo Baja Corrección de un error donde el teclado tapaba el campo de introducir código,6
Mobile Arreglo Baja Corrección de un error donde el teclado no aparecía al pulsar en el buscador,5
Testing Investigación Media Lectura sobre cómo automatizar pruebas de interfaz usando Firebase Test Lab,10
Testing Desarrollo Alta Configuración de una prueba robótica que navegue por toda la app automáticamente,12
Testing Desarrollo Alta Configuración de una prueba de rendimiento que mida el uso de red por pantalla,14
Mobile Refactorización Media Mejora de la velocidad de carga de la app eliminando procesos en el arranque,10
Mobile Refactorización Media Mejora de la velocidad de transición entre pantallas optimizando fragmentos,8
Mobile Desarrollo Media Implementación de una función de "compartir" contenido en redes sociales,7
Mobile Desarrollo Media Implementación de una función de "invitar amigos" mediante enlace directo,9
Mobile Arreglo Media Solución de un crash al intentar abrir la galería sin fotos disponibles,6
Mobile Arreglo Media Solución de un crash al intentar grabar audio sin micrófono conectado,8
Testing Documentación Baja Registro del tiempo medio que tarda un usuario en completar el registro,7
Testing Documentación Baja Registro del tiempo medio que tarda la app en procesar un pago simulado,8
Mobile Desarrollo Alta Integración de un sistema de chat en vivo para soporte técnico al usuario,25
Mobile Desarrollo Alta Integración de un bot de ayuda automática para resolver dudas frecuentes,22
Mobile Investigación Media Investigación sobre el uso de animaciones de carga personalizadas (Skeletons),9
Mobile Desarrollo Media Sustitución de la barra de carga por una vista de tipo Skeleton en las listas,12
Mobile Desarrollo Media Sustitución de la barra de carga por una vista de tipo Skeleton en el perfil,10
Mobile Arreglo Media Reparación de un error donde el usuario podía pulsar un botón varias veces,5
Mobile Arreglo Media Reparación de un error donde la app permitía enviar formularios vacíos,4
Testing Documentación Media Elaboración de un gráfico comparativo de errores antes y después de los tests,8
Testing Documentación Media Elaboración de un resumen de las pruebas superadas en el entorno de pruebas,6
Mobile Refactorización Baja Organización de los recursos de audio por carpetas (música efectos avisos),4
Mobile Refactorización Baja Organización de los recursos de vídeo por carpetas (tutoriales demos),5
Mobile Desarrollo Media Creación de un widget para el escritorio que muestre el último mensaje recibido,14
Mobile Desarrollo Media Creación de un widget para el escritorio que muestre el saldo actual del usuario,15
Mobile Arreglo Baja Corrección de la posición del botón de ayuda que estorbaba en pantallas curvas,5
Mobile Arreglo Baja Corrección de la posición de la barra de navegación en móviles con botones físicos,4
Testing Desarrollo Media Realización de pruebas de usabilidad con personas ajenas al proyecto,12
Testing Desarrollo Media Realización de pruebas de accesibilidad usando la herramienta Accessibility Scanner,9
Mobile Desarrollo Alta Implementación de un sistema que guarde el estado de la app al recibir una llamada,12
Mobile Desarrollo Alta Implementación de un sistema que restaure la sesión del usuario tras un crash,15
Mobile Investigación Baja Búsqueda de recursos para mejorar el diseño de los iconos de la aplicación,4
Mobile Desarrollo Media Aplicación de un nuevo conjunto de iconos más modernos y minimalistas,8
Mobile Desarrollo Media Aplicación de un nuevo esquema de colores basado en la identidad corporativa,10
Mobile Arreglo Media Solución de un bug donde la app no mostraba el nombre del usuario tras loguearse,6
Mobile Arreglo Media Solución de un bug donde la app mostraba datos antiguos por culpa de la caché,8
Testing Documentación Alta Informe final detallando que el 100% de las funcionalidades críticas funcionan,10
Testing Documentación Alta Certificación de que la app es estable y está lista para ser presentada,12
Mobile Desarrollo Baja Inclusión de un selector de país con sus respectivas banderas en el registro,7
Mobile Desarrollo Baja Inclusión de un selector de prefijo telefónico automático según la ubicación,6
Mobile Refactorización Media Unificación de la lógica de peticiones API en una clase Singleton,10
Mobile Refactorización Media Unificación de la lógica de guardado local en una clase Helper,9
Mobile Desarrollo Media Implementación de un sistema de "recordar contraseña" usando datos cifrados,12
Mobile Desarrollo Media Implementación de un sistema de "mantener sesión iniciada" usando tokens,14
Mobile Arreglo Baja Corrección de un error visual en el que las sombras de las tarjetas eran muy oscuras,3
Mobile Arreglo Baja Corrección de un error visual en el que los bordes de las imágenes no eran redondeados,4
Data Investigación Media Estudio de los requisitos técnicos para la presentación del proyecto ante el tribunal,8
Data Documentación Alta Redacción de la memoria final del proyecto incluyendo todos los bloques trabajados,30
Data Documentación Alta Preparación de la presentación con diapositivas para la defensa del proyecto,15
Data Documentación Media Revisión ortográfica y de formato de toda la documentación generada,8
Data Desarrollo Baja Creación de un script para limpiar la base de datos antes de la demostración final,4
Data Arreglo Baja Solución de última hora de un error visual detectado antes de la entrega,5
Gestion Investigación Baja Estudio de la metodología Ágil y cómo aplicarla al desarrollo del proyecto,6
Gestion Investigación Baja Estudio del marco de trabajo Scrum para la organización de las tareas,5
Gestion Desarrollo Media Configuración del tablero Trello para el seguimiento de los bloques de trabajo,4
Gestion Desarrollo Media Configuración del tablero Jira para el seguimiento de las incidencias del proyecto,6
Gestion Reunión Baja Reunión inicial con el tutor para definir el alcance del proyecto de prácticas,3
Gestion Reunión Baja Reunión de seguimiento con el tutor para revisar los avances del primer bloque,2
Gestion Documentación Media Redacción del acta de la reunión y actualización del cronograma de entregas,4
Gestion Documentación Media Redacción de los objetivos generales y específicos para la memoria final,5
Gestion Investigación Media Búsqueda de herramientas de control de versiones para el trabajo en equipo,4
Gestion Desarrollo Baja Creación de la estructura de carpetas compartidas en Google Drive para el proyecto,2
Gestion Desarrollo Baja Creación de la estructura de carpetas en Dropbox para copias de seguridad externas,3
Sistemas Investigación Alta Investigación sobre los costes de despliegue en Azure frente a AWS,10
Sistemas Investigación Alta Investigación sobre los costes de despliegue en Google Cloud frente a Heroku,12
Sistemas Desarrollo Media Configuración de una instancia de servidor virtual (VPS) para producción,15
Sistemas Desarrollo Media Configuración de un servidor compartido para el despliegue de la base de datos,14
Sistemas Arreglo Media Solución de problemas de acceso SSH al servidor debido a claves públicas mal configuradas,8
Sistemas Arreglo Media Solución de problemas de acceso FTP al servidor debido a permisos de escritura,6
Gestion Reunión Media Sesión de lluvia de ideas (Brainstorming) para el diseño de la interfaz móvil,5
Gestion Reunión Media Sesión de lluvia de ideas (Brainstorming) para el diseño de la lógica del backend,4
Gestion Documentación Alta Elaboración del presupuesto estimado de recursos para el mantenimiento del sistema,12
Gestion Documentación Alta Elaboración del análisis DAFO del proyecto (Debilidades Amenazas Fortalezas Oportunidades),10
Sistemas Desarrollo Alta Configuración de un certificado SSL gratuito mediante Let's Encrypt para el dominio,8
Sistemas Desarrollo Alta Configuración de un certificado SSL mediante Cloudflare para mejorar la seguridad,10
Sistemas Arreglo Baja Corrección de un error en el archivo .htaccess que impedía el redireccionamiento HTTPS,4
Sistemas Arreglo Baja Corrección de un error en la configuración de Nginx que impedía el acceso al dominio,5
Gestion Investigación Media Estudio de la normativa RGPD para el tratamiento de datos de usuarios en la app,8
Gestion Documentación Media Redacción de la política de privacidad y el aviso legal para la aplicación,10
Gestion Documentación Media Redacción de la política de cookies para el sitio web de administración,7
Sistemas Desarrollo Media Implementación de una tarea programada en el servidor para reiniciar servicios críticos,6
Sistemas Desarrollo Media Implementación de una tarea programada en el servidor para borrar logs de acceso,5
Sistemas Arreglo Alta Recuperación del servidor tras un ataque de denegación de servicio (DDoS) simulado,20
Sistemas Arreglo Alta Recuperación del servidor tras un intento de inyección de código en la configuración,18
Gestion Reunión Baja Revisión semanal de tareas con el equipo para identificar cuellos de botella,3
Gestion Reunión Baja Revisión semanal de errores detectados en el entorno de desarrollo,2
Sistemas Investigación Media Búsqueda de proveedores de dominios económicos para el proyecto final,4
Sistemas Desarrollo Baja Compra y vinculación del dominio .com con la dirección IP del servidor,6
Sistemas Desarrollo Baja Compra y vinculación del dominio .es con la dirección IP del servidor,5
Gestion Documentación Alta Elaboración del manual de procedimientos ante caídas del sistema,12
Gestion Documentación Alta Elaboración del manual de bienvenida para nuevos desarrolladores del proyecto,10
Sistemas Refactorización Media Optimización de la respuesta del servidor mediante la activación de compresión GZIP,8
Sistemas Refactorización Media Optimización de la respuesta del servidor mediante la configuración de caché de navegador,7
Sistemas Arreglo Media Reparación de un fallo en el envío de correos desde el servidor (fallo de SMTP),9
Sistemas Arreglo Media Reparación de un fallo en la recepción de notificaciones push (fallo de API Key),10
Gestion Investigación Baja Lectura de tutoriales sobre cómo grabar la pantalla para la demo del proyecto,3
Gestion Desarrollo Media Grabación de un vídeo explicativo con las funcionalidades básicas de la app,8
Gestion Desarrollo Media Grabación de un vídeo explicativo con la gestión del panel de administración,7
Sistemas Desarrollo Alta Configuración de un cortafuegos (Firewall) para bloquear IPs sospechosas,15
Sistemas Desarrollo Alta Configuración de un sistema de monitorización que envíe alertas al móvil,18
Gestion Reunión Media Entrevista con un usuario potencial para validar la usabilidad de la interfaz,6
Gestion Reunión Media Entrevista con un experto técnico para validar la arquitectura del backend,7
Sistemas Investigación Media Estudio de las ventajas de usar un CDN para servir imágenes pesadas,6
Sistemas Desarrollo Media Configuración de un CDN básico para mejorar la velocidad de carga de la web,10
Sistemas Desarrollo Media Configuración de un sistema de balanceo de carga entre dos servidores pequeños,12
Sistemas Arreglo Baja Solución de un problema de latencia alta al realizar peticiones desde el móvil,8
Sistemas Arreglo Baja Solución de un problema de tiempos de espera (Timeout) en el servidor API,7
Gestion Documentación Media Redacción del resumen ejecutivo del proyecto para la presentación al tribunal,10
Gestion Documentación Media Traducción del resumen del proyecto al inglés para la memoria (Abstract),8
Sistemas Refactorización Baja Limpieza de archivos temporales de instalación en el servidor de producción,4
Sistemas Refactorización Baja Eliminación de usuarios de prueba en la base de datos de producción,3
Gestion Reunión Alta Presentación de los avances finales ante el departamento de informática,12
Gestion Reunión Alta Ensayo general de la defensa del proyecto con control de tiempos,10
Sistemas Desarrollo Alta Implementación de un sistema de backup en caliente para no detener el servicio,20
Sistemas Desarrollo Alta Implementación de un sistema de recuperación de desastres (Disaster Recovery),22
Gestion Investigación Baja Búsqueda de plantillas profesionales para la presentación en diapositivas,4
Gestion Desarrollo Media Diseño de los gráficos y diagramas para la presentación final del proyecto,8
Gestion Desarrollo Media Diseño de la portada y el índice de la memoria siguiendo las normas de estilo,7
Sistemas Arreglo Media Corrección de un error de configuración en el servidor DNS que tardaba en propagar,10
Sistemas Arreglo Media Corrección de un error en el archivo hosts del sistema para pruebas locales,4
Gestion Documentación Media Elaboración de una lista de agradecimientos y bibliografía utilizada,5
Gestion Documentación Media Elaboración de un glosario de términos técnicos para el lector de la memoria,6
Sistemas Investigación Media Estudio de alternativas para el almacenamiento de archivos grandes (S3 B2),8
Sistemas Desarrollo Media Configuración de un bucket de almacenamiento externo para las fotos de perfil,12
Sistemas Desarrollo Media Configuración de un bucket de almacenamiento externo para los documentos PDF,10
Sistemas Arreglo Alta Solución de un problema de seguridad donde los archivos eran accesibles públicamente,15
Sistemas Arreglo Alta Solución de un problema de cuota de almacenamiento excedida en el servidor,12
Gestion Reunión Baja Encuentro informal con compañeros para compartir soluciones a bugs comunes,3
Gestion Reunión Baja Sesión de revisión de código (Code Review) cruzada con otro alumno,5
Sistemas Refactorización Media Mejora de la seguridad del servidor desactivando el acceso por contraseña (solo SSH Key),8
Sistemas Refactorización Media Mejora de la seguridad del servidor cambiando el puerto SSH por defecto,7
Gestion Investigación Baja Lectura sobre cómo gestionar el estrés y la gestión del tiempo en proyectos,4
Gestion Desarrollo Media Creación de una encuesta de satisfacción para los usuarios que prueben la app,6
Gestion Desarrollo Media Análisis de los resultados de la encuesta de satisfacción y redacción de conclusiones,8
Sistemas Arreglo Baja Reparación de un enlace roto en el correo automático de bienvenida,3
Sistemas Arreglo Baja Reparación de un error en el asunto del correo automático de recuperación,2
Gestion Documentación Alta Informe final de horas totales invertidas por cada bloque de trabajo,10
Gestion Documentación Alta Informe de desviaciones entre el tiempo estimado y el tiempo real,12
Sistemas Desarrollo Media Configuración de un entorno de bases de datos para analítica de datos externa,10
Sistemas Desarrollo Media Configuración de un entorno de logs para auditoría de accesos al sistema,9
Sistemas Arreglo Media Solución de errores al intentar conectar el dominio con el certificado SSL,7
Sistemas Arreglo Media Solución de errores al intentar renovar automáticamente el certificado SSL,6
Gestion Investigación Media Estudio de los competidores directos de la aplicación en el mercado actual,10
Gestion Documentación Media Redacción de las conclusiones finales y líneas de trabajo futuro,8
Sistemas Refactorización Baja Actualización de la versión del sistema operativo del servidor (Patching),6
Sistemas Refactorización Baja Actualización de las librerías de seguridad del motor de la base de datos,5
Gestion Reunión Media Reunión con el tutor para el cierre oficial de la fase de desarrollo,4
Gestion Reunión Media Revisión de los criterios de evaluación del tribunal para asegurar su cumplimiento,6
Sistemas Desarrollo Alta Implementación de una página de "Estado del Servicio" (Status Page) externa,14
Sistemas Desarrollo Alta Implementación de un sistema de alerta temprana ante caídas del servidor SQL,15
Sistemas Arreglo Baja Corrección de un problema de visualización del favicon en diferentes navegadores,3
Sistemas Arreglo Baja Corrección de un error en el mensaje de error 500 para que sea amigable al usuario,4
Gestion Investigación Media Estudio de licencias de software (MIT Apache GPL) para las librerías del proyecto,5
Gestion Investigación Media Estudio de licencias Creative Commons para el uso de imágenes y recursos externos,4
Gestion Desarrollo Baja Creación de una cuenta de desarrollador en plataformas de despliegue gratuito,3
Gestion Desarrollo Baja Creación de una cuenta de organización en GitHub para gestionar el equipo,2
Gestion Reunión Media Sesión de revisión de la interfaz de usuario con un grupo de control reducido,8
Gestion Reunión Media Sesión de revisión de la experiencia de usuario (UX) con usuarios no técnicos,7
Gestion Documentación Media Redacción del manual de instalación del entorno de desarrollo desde cero,10
Gestion Documentación Media Redacción del manual de despliegue en producción usando contenedores,12
Sistemas Desarrollo Alta Configuración de una red privada virtual (VPN) para acceder al servidor de BD,15
Sistemas Desarrollo Alta Configuración de un túnel SSH para gestionar la base de datos de forma segura,12
Sistemas Arreglo Media Solución de un problema de agotamiento de inodos en el sistema de archivos,9
Sistemas Arreglo Media Solución de un problema de logs rotados que no se borraban correctamente,8
Gestion Desarrollo Media Diseño de infografías para explicar el flujo de datos en la memoria del proyecto,8
Gestion Desarrollo Media Diseño de diagramas de secuencia para explicar el proceso de login en la memoria,7
Sistemas Investigación Alta Investigación sobre el uso de Kubernetes para escalar la aplicación móvil,18
Sistemas Investigación Alta Investigación sobre el uso de Docker Swarm para la orquestación de servicios,15
Sistemas Desarrollo Media Implementación de una página de error 404 personalizada para el panel web,4
Sistemas Desarrollo Media Implementación de una página de error 503 para tareas de mantenimiento,5
Sistemas Arreglo Baja Corrección de la zona horaria del sistema operativo para que coincida con la BD,3
Sistemas Arreglo Baja Corrección de la codificación de la consola para mostrar caracteres especiales,2
Gestion Documentación Alta Elaboración de una tabla comparativa de costes entre servidores locales y nube,10
Gestion Documentación Alta Elaboración de un informe de sostenibilidad y eficiencia del software desarrollado,8
Sistemas Desarrollo Alta Configuración de reglas de auto-escalado según el consumo de memoria RAM,20
Sistemas Desarrollo Alta Configuración de alertas de consumo de ancho de banda en el panel del hosting,15
Gestion Reunión Baja Reunión diaria (Daily) para organizar las tareas de corrección de bugs finales,2
Gestion Reunión Baja Reunión diaria (Daily) para planificar la grabación de la demo del proyecto,3
Sistemas Investigación Media Búsqueda de un servicio de envío de correos (Mailgun SendGrid) para la app,7
Sistemas Desarrollo Media Integración del servicio de correos para el envío de facturas automáticas,12
Sistemas Desarrollo Media Integración del servicio de correos para el envío de alertas de seguridad,10
Gestion Documentación Media Redacción del apartado de "Lecciones aprendidas" para la memoria final,6
Gestion Documentación Media Redacción de las "Líneas de trabajo futuro" para la mejora de la aplicación,5
Sistemas Refactorización Media Optimización del tiempo de arranque del servidor mediante limpieza de scripts,8
Sistemas Refactorización Media Optimización de la caché de consultas en el motor de la base de datos,10
Sistemas Arreglo Media Reparación de un fallo en la conexión por TLS con el servidor de correo,9
Sistemas Arreglo Media Reparación de un fallo en la validación del certificado SSL en navegadores antiguos,11
Gestion Investigación Baja Búsqueda de ejemplos de memorias de proyectos de otros años para referencia,5
Gestion Desarrollo Media Creación de una presentación de apoyo con diapositivas para la defensa,12
Gestion Desarrollo Media Creación de un póster técnico resumen del proyecto para la exposición,10
Sistemas Desarrollo Alta Configuración de un sistema de escaneo automático de virus en archivos subidos,18
Sistemas Desarrollo Alta Configuración de un sistema de detección de intrusos (IDS) básico en el servidor,22
Gestion Reunión Media Revisión del cumplimiento de los requisitos mínimos exigidos por el centro,5
Gestion Reunión Media Validación de la documentación técnica con el tutor de la empresa,6
Sistemas Investigación Media Estudio sobre el impacto de la latencia en el uso de la aplicación móvil,7
Sistemas Desarrollo Media Configuración de un servidor espejo para realizar pruebas de carga realistas,14
Sistemas Desarrollo Media Configuración de una red de pruebas para simular conexiones 3G y 4G lentas,12
Sistemas Arreglo Baja Solución de un problema con las fuentes web que no cargaban por política de CORS,5
Sistemas Arreglo Baja Solución de un problema con las imágenes que no cargaban por permisos de carpeta,6
Gestion Documentación Media Redacción de la guía de usuario para el administrador del sistema,10
Gestion Documentación Media Redacción de la guía de usuario para el cliente final de la aplicación,9
Sistemas Refactorización Baja Limpieza de ramas antiguas en el repositorio remoto para dejar solo main,4
Sistemas Refactorización Baja Eliminación de claves de API de prueba en el código antes de la entrega,3
Gestion Reunión Alta Simulación de preguntas y respuestas difíciles ante el tribunal de evaluación,8
Gestion Reunión Alta Sesión de revisión del diseño visual con un diseñador gráfico profesional,6
Sistemas Desarrollo Alta Implementación de un sistema de despliegue "Blue-Green" para evitar caídas,25
Sistemas Desarrollo Alta Implementación de un sistema de despliegue mediante webhooks desde GitHub,20
Gestion Investigación Baja Búsqueda de música libre de derechos para el vídeo de presentación,3
Gestion Desarrollo Media Edición del vídeo de demostración para que no supere los 5 minutos,10
Gestion Desarrollo Media Inclusión de subtítulos y locución en el vídeo promocional del proyecto,12
Sistemas Arreglo Media Corrección de un fallo que impedía descargar archivos desde móviles Android,9
Sistemas Arreglo Media Corrección de un fallo que impedía descargar archivos desde dispositivos iOS,10
Gestion Documentación Media Elaboración de los anexos con el código fuente estructurado y comentado,8
Gestion Documentación Media Elaboración de los anexos con las capturas de la base de datos y esquemas,7
Sistemas Investigación Media Estudio de herramientas de monitorización de logs como Grafana o Kibana,10
Sistemas Desarrollo Media Configuración de un panel visual en Grafana para ver el estado del servidor,14
Sistemas Desarrollo Media Configuración de una alerta en Telegram que avise si el servidor se cae,12
Sistemas Arreglo Alta Recuperación de la base de datos tras un borrado accidental de una tabla,15
Sistemas Arreglo Alta Recuperación de archivos de configuración tras un error en una actualización,12
Gestion Reunión Baja Revisión de la ortografía y el estilo de la memoria con un corrector de textos,5
Gestion Reunión Baja Sesión de feedback con compañeros sobre la claridad de la presentación,4
Sistemas Refactorización Media Mejora de la velocidad de transferencia mediante la activación de HTTP2,8
Sistemas Refactorización Media Mejora de la seguridad bloqueando el acceso por IP a la base de datos,7
Gestion Investigación Baja Lectura sobre técnicas de oratoria para la defensa del proyecto,5
Gestion Desarrollo Media Ensayo de la defensa delante de un espejo para controlar el lenguaje corporal,4
Gestion Desarrollo Media Ensayo de la defensa cronometrada para ajustar el discurso a 15 minutos,6
Sistemas Arreglo Baja Reparación de un enlace roto en el pie de página del panel de administración,3
Sistemas Arreglo Baja Reparación de un icono que no se mostraba correctamente en el modo oscuro,2
Gestion Documentación Alta Informe detallado del coste total del proyecto incluyendo horas de trabajo,12
Gestion Documentación Alta Informe de la escalabilidad del sistema ante un aumento de usuarios,10
Sistemas Desarrollo Media Configuración de un entorno de pre-producción accesible por el tutor,10
Sistemas Desarrollo Media Configuración de un sistema de acceso por invitación para la fase beta,8
Sistemas Arreglo Media Solución de errores en el script de migración de datos de local a nube,10
Sistemas Arreglo Media Solución de errores de incompatibilidad de versiones entre PHP 8 y el servidor,9
Gestion Investigación Media Estudio de posibles vías de monetización para la aplicación desarrollada,8
Gestion Documentación Media Redacción de la propuesta de modelo de negocio para el proyecto,7
Sistemas Refactorización Baja Actualización de los parches de seguridad del servidor web Apache,5
Sistemas Refactorización Baja Actualización de los parches de seguridad del servidor web Nginx,4
Gestion Reunión Media Reunión con el departamento de marketing para validar el nombre de la app,4
Gestion Reunión Media Revisión de los requisitos de accesibilidad con un usuario con discapacidad,6
Sistemas Desarrollo Alta Implementación de un sistema de balanceo de carga con redundancia geográfica,30
Sistemas Desarrollo Alta Implementación de un clúster de base de datos para asegurar la disponibilidad,28
Sistemas Arreglo Baja Corrección de un problema de caché que mostraba datos antiguos al usuario,5
Sistemas Arreglo Baja Corrección de un error de redirección tras el cierre de sesión del usuario,4
Gestion Documentación Media Creación de una infografía resumen con las tecnologías usadas (Stack),6
Gestion Documentación Media Creación de un diagrama de Gantt comparando lo planeado con lo real,8
Sistemas Desarrollo Media Configuración de un sistema de backup automático en un servidor FTP externo,12
Sistemas Desarrollo Media Configuración de un sistema de backup automático en un servicio de S3,10
Sistemas Arreglo Media Reparación de un fallo que impedía subir archivos de más de 2MB al servidor,7
Sistemas Arreglo Media Reparación de un fallo que impedía subir archivos de más de 10MB al servidor,9
Gestion Investigación Baja Búsqueda de fuentes tipográficas que mejoren la lectura en pantallas,4
Gestion Desarrollo Media Cambio de la tipografía de la app por una más accesible y moderna,6
Web Desarrollo Media Creación de un pie de página (footer) con enlaces a redes sociales y contacto,6
Web Desarrollo Media Creación de un pie de página (footer) con mapa del sitio y política de privacidad,7
Web Arreglo Baja Corrección de un error de alineación en el menú desplegable en dispositivos móviles,4
Web Arreglo Baja Corrección de un error de solapamiento de texto en el banner principal,5
Web Investigación Media Búsqueda de librerías de animaciones CSS para mejorar la interactividad,6
Web Desarrollo Alta Implementación de un carrusel de imágenes autogestionado en la home,14
Web Desarrollo Alta Implementación de un carrusel de testimonios con transición suave,12
Web Documentación Baja Redacción de una guía de estilos CSS para los nuevos componentes,5
Web Refactorización Media Limpieza de selectores CSS duplicados en la hoja de estilos global,7
Web Desarrollo Baja Creación de una página de contacto con un formulario básico,6
Web Desarrollo Baja Creación de una página de "Quienes somos" con descripción del equipo,5
Web Arreglo Media Solución de un problema de carga lenta de fuentes de Google Fonts,6
Web Arreglo Media Solución de un problema de visualización de imágenes en formato WebP,4
Web Investigación Baja Estudio de las mejores prácticas para el SEO on-page de la web,8
Web Desarrollo Media Integración de un mapa de Google Maps en la sección de contacto,9
Web Desarrollo Media Integración de un mapa de OpenStreetMap en la sección de sedes,10
Web Arreglo Baja Ajuste de los márgenes de las tarjetas de producto en resolución tablet,4
Web Arreglo Baja Ajuste del padding de los botones de acción en resolución móvil,3
Web Desarrollo Alta Creación de un panel de usuario con pestañas para pedidos y perfil,18
Web Desarrollo Alta Creación de un panel de administrador para la gestión de productos,22
Web Documentación Media Informe de accesibilidad web siguiendo las pautas WCAG básico,10
Web Refactorización Baja Cambio de unidades fijas px a unidades relativas rem en el layout,8
Web Investigación Media Prueba de diferentes frameworks CSS como Tailwind o Bootstrap,9
Web Desarrollo Media Implementación de un modo oscuro mediante variables CSS y JavaScript,11
Web Arreglo Media Reparación de un error en el envío de formularios por falta de validación,6
Backend Desarrollo Media Creación de un endpoint para el registro de nuevos usuarios en el sistema,10
Backend Desarrollo Media Creación de un endpoint para la actualización de perfiles de usuario,12
Backend Arreglo Baja Corrección de un error en el cálculo del IVA en el resumen del carrito,4
Backend Arreglo Baja Corrección de un error en el cálculo de descuentos por cupón,5
Backend Investigación Media Estudio de la documentación de JWT para la autenticación segura,8
Backend Desarrollo Alta Implementación de la lógica de autenticación basada en tokens JWT,16
Backend Desarrollo Alta Implementación de la lógica de renovación de tokens (Refresh Token),18
Backend Arreglo Media Solución de un fallo que permitía registrar usuarios con el mismo email,7
Backend Arreglo Media Solución de un fallo que permitía comprar productos sin stock disponible,9
Backend Desarrollo Baja Creación de una función para formatear fechas de ISO a formato local,4
Backend Desarrollo Baja Creación de una función para validar la fortaleza de las contraseñas,5
Backend Investigación Alta Investigación sobre el uso de WebSockets para notificaciones en tiempo real,14
Backend Desarrollo Alta Creación de un servicio de mensajería básica entre usuarios mediante sockets,22
Backend Desarrollo Alta Creación de un sistema de alertas al administrador mediante sockets,20
Backend Arreglo Baja Corrección de un error tipográfico en la respuesta JSON del servidor,2
Backend Arreglo Baja Corrección de un nombre de campo incorrecto en el modelo de datos,3
Backend Documentación Media Redacción de la documentación de la API usando el estándar Swagger,12
Backend Documentación Media Redacción de los casos de uso del backend para la memoria técnica,10
Backend Refactorización Media Mejora de la estructura de las rutas para seguir el estándar RESTful,11
Backend Refactorización Media Extracción de la lógica de negocio del controlador a un servicio,14
Backend Investigación Baja Búsqueda de librerías para el envío de correos electrónicos desde Java,6
Backend Desarrollo Media Configuración de un servicio de envío de emails para recuperar contraseñas,12
Backend Desarrollo Media Configuración de un servicio de envío de emails para confirmar pedidos,10
Backend Arreglo Media Reparación de un error de timeout al subir archivos pesados a la API,9
Backend Arreglo Media Reparación de un error de codificación en los nombres de archivos subidos,8
Data Desarrollo Media Creación de un contenedor Docker para una base de datos PostgreSQL,8
Data Desarrollo Media Creación de un contenedor Docker para una base de datos MySQL,7
Data Arreglo Baja Solución de un error de conexión entre el backend y la base de datos en Docker,6
Data Arreglo Baja Solución de un error de red que impedía el acceso externo a la base de datos,5
Data Investigación Media Estudio sobre la optimización de consultas SQL mediante el uso de índices,9
Data BBDD Desarrollo Alta Diseño de una base de datos para un sistema de gestión de facturación,24
Data BBDD Desarrollo Alta Diseño de una base de datos para un sistema de control de inventario,26
Data BBDD Arreglo Media Reparación de una consulta lenta mediante la creación de un índice compuesto,8
Data BBDD Arreglo Media Reparación de una consulta lenta eliminando subconsultas innecesarias,10
Data Desarrollo Baja Creación de un script SQL para insertar datos de prueba en la tabla usuarios,5
Data Desarrollo Baja Creación de un script SQL para insertar datos de prueba en la tabla productos,4
Data Investigación Alta Investigación sobre herramientas de migración de bases de datos como Flyway,12
Data Desarrollo Alta Configuración de Flyway para gestionar las versiones del esquema de BD,15
Data Desarrollo Alta Configuración de Liquidbase para gestionar las versiones del esquema de BD,16
Data Arreglo Baja Corrección de una restricción de integridad que impedía borrar registros,5
Data Arreglo Baja Corrección de un valor por defecto incorrecto en una columna de tipo fecha,4
Data Documentación Media Elaboración del diagrama Entidad-Relación actualizado del proyecto,10
Data Documentación Media Elaboración del diccionario de datos de la base de datos de producción,8
Data Refactorización Media Cambio de los nombres de las tablas para seguir una convención estándar,7
Data Refactorización Media Optimización de los tipos de datos para reducir el tamaño en disco,9
Data Investigación Media Estudio de los comandos de Docker para gestionar volúmenes de datos,7
Data Desarrollo Media Implementación de una copia de seguridad automática de la BD cada 24 horas,12
Data Desarrollo Media Implementación de una copia de seguridad automática de la BD cada semana,10
Data Arreglo Alta Recuperación de la base de datos tras un fallo en el volumen de Docker,15
Data Arreglo Alta Recuperación de la base de datos tras una migración de esquema fallida,14
Mobile Desarrollo Media Diseño de una pantalla de login con soporte para autocompletado,9
Mobile Desarrollo Media Diseño de una pantalla de registro con validación de campos en tiempo real,11
Mobile Arreglo Baja Corrección de un error visual donde el logo se cortaba en pantallas pequeñas,4
Mobile Arreglo Baja Corrección de un error visual donde los botones no estaban alineados,3
Mobile Investigación Media Estudio sobre el manejo de estados en Android usando LiveData,10
Mobile Desarrollo Alta Implementación de un flujo de navegación complejo usando Navigation Component,20
Mobile Desarrollo Alta Implementación de una barra de navegación inferior con 4 destinos,18
Mobile Arreglo Media Solución de un crash al intentar abrir la galería de imágenes sin permisos,9
Mobile Arreglo Media Solución de un crash al intentar acceder a la ubicación del usuario,10
Mobile Desarrollo Baja Inclusión de un componente de búsqueda en la barra superior de la app,6
Mobile Desarrollo Baja Inclusión de un botón flotante para añadir nuevos elementos a la lista,7
Mobile Investigación Alta Investigación sobre la integración de Firebase Cloud Messaging para notificaciones,14
Mobile Desarrollo Alta Configuración de notificaciones push para avisar de nuevos mensajes,18
Mobile Desarrollo Alta Configuración de notificaciones push para avisar de ofertas especiales,16
Mobile Arreglo Baja Corrección de un error donde el teclado tapaba el campo de contraseña,5
Mobile Arreglo Baja Corrección de un error donde el foco no pasaba automáticamente al siguiente campo,4
Mobile Documentación Media Redacción del manual de usuario de la aplicación móvil para Android,12
Mobile Documentación Media Redacción de la guía de instalación de la app para betatesters,8
Mobile Refactorización Media Mejora del rendimiento del RecyclerView mediante el uso de DiffUtil,10
Mobile Refactorización Media Organización de los recursos de imagen en diferentes carpetas de densidad,7
Mobile Investigación Media Búsqueda de librerías para la visualización de gráficos estadísticos,6
Mobile Desarrollo Media Creación de un gráfico de barras para mostrar el progreso del usuario,12
Mobile Desarrollo Media Creación de un gráfico de tarta para mostrar el gasto por categorías,11
Mobile Arreglo Media Reparación de un fallo que impedía la rotación de pantalla en la galería,7
Mobile Arreglo Media Reparación de un fallo que impedía la reproducción de vídeos en la app,9
Web Desarrollo Media Implementación de una barra de cookies que cumpla con la normativa europea,7
Web Desarrollo Media Implementación de un aviso legal emergente en el primer acceso a la web,6
Web Arreglo Baja Corrección del color de los enlaces visitados para mejorar el contraste,3
Web Arreglo Baja Corrección del tamaño de la fuente en el aviso legal para facilitar la lectura,2
Web Investigación Media Estudio sobre cómo implementar carga perezosa (Lazy Loading) de imágenes,5
Web Desarrollo Alta Creación de una página de perfil de usuario con edición de datos personales,14
Web Desarrollo Alta Creación de una página de configuración de cuenta con cambio de contraseña,12
Web Documentación Baja Registro de los colores y tipografías corporativas en la memoria,4
Web Refactorización Media Unificación de los archivos CSS de diferentes páginas en uno solo,8
Web Desarrollo Baja Inclusión de un selector de idioma en la cabecera del sitio web,5
Web Desarrollo Baja Inclusión de un selector de moneda (EUR/USD) en la tienda online,6
Web Arreglo Media Solución de un error de carga en los iconos de FontAwesome,4
Web Arreglo Media Solución de un error de visualización en navegadores antiguos (Safari 12),7
Web Investigación Baja Búsqueda de plantillas de correo HTML compatibles con Gmail y Outlook,6
Web Desarrollo Media Diseño de una plantilla de correo para la confirmación de registro,9
Web Desarrollo Media Diseño de una plantilla de correo para el boletín de noticias,10
Web Arreglo Baja Ajuste de la posición del botón de "subir arriba" en la versión móvil,4
Web Arreglo Baja Ajuste del tamaño del logo en la cabecera para que no ocupe demasiado,3
Web Desarrollo Alta Implementación de un buscador de productos con autocompletado en el frontend,18
Web Desarrollo Alta Implementación de un sistema de filtrado por etiquetas en el blog,15
Web Documentación Media Redacción de la guía de usuario para el manejo del panel de control web,10
Web Refactorización Baja Cambio de etiquetas div por etiquetas semánticas (article section),6
Web Investigación Media Comparativa de rendimiento entre animaciones CSS y animaciones JS,7
Web Desarrollo Media Implementación de un sistema de "esquela" (Skeleton) durante la carga inicial,11
Web Arreglo Media Reparación de un error que impedía cerrar los modales con la tecla Escape,5
Backend Desarrollo Media Creación de un endpoint para obtener el historial de pedidos de un usuario,11
Backend Desarrollo Media Creación de un endpoint para obtener el resumen de ventas del mes,12
Backend Arreglo Baja Corrección de un error en el mensaje de error cuando el login falla,3
Backend Arreglo Baja Corrección de un error en el mensaje de éxito al guardar un producto,2
Backend Investigación Media Estudio de la documentación de Stripe para pagos con tarjeta,9
Backend Desarrollo Alta Implementación de un webhook para recibir confirmaciones de pago,16
Backend Desarrollo Alta Implementación de un sistema de devoluciones automáticas en la API,20
Backend Arreglo Media Solución de un fallo que permitía saltarse la validación de edad,8
Backend Arreglo Media Solución de un fallo que permitía inyectar código en el campo nombre,10
Backend Desarrollo Baja Creación de un script para generar contraseñas temporales seguras,5
Backend Desarrollo Baja Creación de un script para generar códigos de descuento aleatorios,4
Backend Investigación Alta Investigación sobre la arquitectura de microservicios con Spring Cloud,15
Backend Desarrollo Alta Separación del servicio de notificaciones en un microservicio independiente,22
Backend Desarrollo Alta Separación del servicio de facturación en un microservicio independiente,24
Backend Arreglo Baja Corrección de un error de formato en el envío de la fecha de nacimiento,4
Backend Arreglo Baja Corrección de un error en el redondeo de los precios con tres decimales,3
Backend Documentación Media Mapeo de todas las excepciones del backend en una tabla para la memoria,10
Backend Documentación Media Redacción del manual técnico sobre el despliegue del JAR en el servidor,8
Backend Refactorización Media Implementación del patrón DTO para la transferencia de datos,12
Backend Refactorización Media Centralización de los mensajes del sistema en un archivo de propiedades,10
Backend Investigación Baja Búsqueda de librerías para la generación de códigos QR desde el backend,6
Backend Desarrollo Media Creación de un endpoint que genere un QR con la información del pedido,12
Backend Desarrollo Media Creación de un endpoint que genere un QR para el acceso a un evento,10
Backend Arreglo Media Reparación de un fallo en la conexión con el servidor SMTP externo,9
Backend Arreglo Media Reparación de un fallo de memoria al procesar imágenes muy pesadas,11
Data Desarrollo Media Creación de un volumen de Docker para guardar los logs de la base de datos,6
Data Desarrollo Media Creación de un volumen de Docker para guardar las imágenes subidas,7
Data Arreglo Baja Solución de un conflicto de puertos al levantar dos contenedores iguales,4
Data Arreglo Baja Solución de un problema de permisos en la carpeta de datos de MySQL,5
Data Investigación Media Estudio sobre la seguridad en Docker (manejo de secretos y passwords),10
Data BBDD Desarrollo Alta Diseño de una base de datos para un sistema de reservas de hotel,24
Data BBDD Desarrollo Alta Diseño de una base de datos para un sistema de alquiler de coches,22
Data BBDD Arreglo Media Reparación de un error de integridad referencial en la tabla de ventas,9
Data BBDD Arreglo Media Reparación de un error de duplicidad en la tabla de categorías,8
Data Desarrollo Baja Creación de un script SQL para vaciar las tablas de prueba sin borrarlas,4
Data Desarrollo Baja Creación de un script SQL para resetear los contadores de los ID de tabla,3
Data Investigación Alta Investigación sobre cómo orquestar contenedores con Docker Swarm,12
Data Desarrollo Alta Configuración de una red tipo "overlay" para comunicar varios servicios,14
Data Desarrollo Alta Configuración de una red tipo "macvlan" para dar IP propia a un contenedor,15
Data Arreglo Baja Corrección de un fallo de indentación en el archivo docker-compose.yml,2
Data Arreglo Baja Corrección de una variable de entorno mal escrita en el Dockerfile,3
Data Documentación Media Elaboración del esquema de seguridad de la red de datos del proyecto,8
Data Documentación Media Informe sobre el tamaño total de la base de datos y crecimiento estimado,7
Data Refactorización Media Reorganización de los Dockerfiles para reducir el número de capas,10
Data Refactorización Media Mejora del script de backup para que comprima los archivos en .zip,8
Data Investigación Media Estudio de alternativas a Docker como Podman para entornos Linux,8
Data Desarrollo Media Configuración de un contenedor de Redis para mejorar la velocidad de sesión,12
Data Desarrollo Media Configuración de un contenedor de Memcached para cachear consultas,10
Data Arreglo Alta Recuperación de un contenedor de base de datos tras un error de kernel,14
Data Arreglo Alta Recuperación del sistema tras borrar accidentalmente la red de Docker,10
Mobile Desarrollo Media Implementación de una pantalla de carga personalizada con el logo animado,8
Mobile Desarrollo Media Implementación de una pantalla de error de red con botón de reintentar,7
Mobile Arreglo Baja Corrección de un error de padding en la lista de productos del carrito,4
Mobile Arreglo Baja Corrección del color de la barra de estado para que sea blanca en modo claro,3
Mobile Investigación Media Estudio sobre cómo integrar pagos nativos con Google Pay,12
Mobile Desarrollo Alta Implementación de un sistema de login con huella dactilar usando BiometricPrompt,18
Mobile Desarrollo Alta Implementación de un sistema de login con reconocimiento facial,20
Mobile Arreglo Media Solución de un error de memoria al abrir la cámara varias veces seguidas,10
Mobile Arreglo Media Solución de un bug donde las imágenes se veían estiradas en tablets,9
Mobile Desarrollo Baja Inclusión de un interruptor para activar el modo "No molestar",5
Mobile Desarrollo Baja Inclusión de un botón para compartir el enlace de la app en WhatsApp,4
Mobile Investigación Alta Investigación sobre el uso de animaciones Lottie para la interfaz,9
Mobile Desarrollo Alta Implementación de una animación Lottie al completar una tarea con éxito,10
Mobile Desarrollo Alta Implementación de una animación Lottie cuando no hay resultados en la búsqueda,8
Mobile Arreglo Baja Corrección de un error donde el texto de los botones se cortaba en inglés,5
Mobile Arreglo Baja Corrección de un error donde el texto de los botones se cortaba en francés,6
Mobile Documentación Media Redacción de la guía de estilos visuales para la aplicación Android,10
Mobile Documentación Media Informe de los dispositivos físicos utilizados para las pruebas finales,7
Mobile Refactorización Media Optimización de las peticiones a la API usando la librería Retrofit,12
Mobile Refactorización Media Organización de las cadenas de texto en el archivo strings.xml por módulos,6
Mobile Investigación Media Análisis de los logs de la app para encontrar errores de conexión,7
Mobile Desarrollo Media Creación de un gráfico de líneas para mostrar la evolución del peso,12
Mobile Desarrollo Media Creación de un gráfico de áreas para mostrar el consumo de calorías,14
Mobile Arreglo Media Reparación de un bug que impedía descargar archivos PDF en el móvil,9
Mobile Arreglo Media Reparación de un bug que cerraba la app al recibir una notificación push,11
Mobile Refactorización Baja Limpieza de comentarios y logs de consola antes de generar el APK,4